Element,Count,Ratio,DocumentFrequency,tfiDF
回收,132,0.041,5.0,86.2241
製造,127,0.0394,25.0,2.0816
利用,113,0.0351,6.0,66.248
進行,107,0.0332,7.0,56.5253
包括,102,0.0317,17.0,17.9613
成長,92,0.0286,16.0,18.4842
提供,88,0.0273,18.0,13.4297
增加,85,0.0264,21.0,7.56
不同,84,0.0261,6.0,49.2463
生產,72,0.0224,21.0,6.4038
相關,68,0.0211,15.0,15.4526
清洗,68,0.0211,15.0,15.4526
萃取,64,0.0199,1.0,72.3414
發展,62,0.0193,22.0,4.3174
加工,60,0.0186,15.0,13.6346
採用,59,0.0183,17.0,10.3894
分為,56,0.0174,16.0,11.2512
先進,55,0.0171,16.0,11.0503
晶圓,55,0.0171,26.0,0.0
接合,54,0.0168,6.0,31.6583
製程,51,0.0158,27.0,-0.8055
提高,48,0.0149,17.0,8.4524
拋光,46,0.0143,10.0,17.9387
控制,45,0.014,20.0,4.9115
設計,44,0.0137,17.0,7.748
降低,44,0.0137,6.0,25.7957
技術,42,0.013,26.0,0.0
影響,42,0.013,20.0,4.5841
減少,40,0.0124,12.0,12.6968
處理,40,0.0124,6.0,23.4506
利用,38,0.0118,15.0,8.6353
稱為,37,0.0115,17.0,6.5154
設備,34,0.0106,22.0,2.3676
持續,34,0.0106,10.0,13.259
快速,33,0.0102,14.0,8.424
製作,32,0.0099,18.0,4.8835
用於,31,0.0096,15.0,7.0446
曝光,31,0.0096,15.0,7.0446
投資,31,0.0096,10.0,12.0891
降低,31,0.0096,12.0,9.84
縮小,31,0.0096,18.0,4.7309
代工,28,0.0087,11.0,9.8611
研磨,27,0.0084,14.0,6.8924
操作,27,0.0084,11.0,9.5089
包含,27,0.0084,16.0,5.4247
固定,27,0.0084,9.0,11.6468
符合,26,0.0081,12.0,8.2529
穩定,26,0.0081,17.0,4.5784
產品,26,0.0081,22.0,1.8105
確保,25,0.0078,14.0,6.3818
投入,25,0.0078,8.0,11.928
系統,25,0.0078,17.0,4.4023
污染,25,0.0078,10.0,9.7493
產出,25,0.0078,8.0,11.928
去除,24,0.0075,18.0,3.6626
具備,24,0.0075,12.0,7.6181
吸收,23,0.0071,5.0,15.0239
選擇,23,0.0071,13.0,6.5604
植入,22,0.0068,12.0,6.9832
擴散,22,0.0068,13.0,6.2752
完整,22,0.0068,13.0,6.2752
均勻,22,0.0068,14.0,5.616
沉積,22,0.0068,12.0,6.9832
半導體,21,0.0065,25.0,0.3442
吸附,21,0.0065,2.0,20.0391
發生,21,0.0065,13.0,5.99
分析,21,0.0065,11.0,7.3958
自動,21,0.0065,14.0,5.3607
不斷,20,0.0062,6.0,11.7253
分離,20,0.0062,4.0,14.6479
提升,20,0.0062,10.0,7.7994
烘烤,20,0.0062,6.0,11.7253
收集,19,0.0059,2.0,18.1306
帶動,19,0.0059,8.0,9.0653
顯示,18,0.0056,7.0,9.5089
適合,18,0.0056,12.0,5.7136
生成,18,0.0056,7.0,9.5089
保護,18,0.0056,17.0,3.1696
擁有,18,0.0056,11.0,6.3393
複雜,17,0.0053,13.0,4.849
清潔,17,0.0053,5.0,11.1046
測試,17,0.0053,20.0,1.8555
表面,17,0.0053,20.0,1.8555
清除,17,0.0053,6.0,9.9665
連接,17,0.0053,5.0,11.1046
傳統,16,0.005,10.0,6.2395
改善,16,0.005,8.0,7.6339
晶片,16,0.005,22.0,1.1142
洗滌,16,0.005,2.0,15.2679
排放,16,0.005,2.0,15.2679
切割,15,0.0047,13.0,4.2785
焚化,15,0.0047,2.0,14.3136
做為,15,0.0047,5.0,9.7982
提出,15,0.0047,10.0,5.8496
成本,15,0.0047,17.0,2.6414
蝕刻,15,0.0047,21.0,1.3341
超額,15,0.0047,1.0,16.955
不易,15,0.0047,5.0,9.7982
潔淨,14,0.0043,6.0,8.2077
達成,14,0.0043,8.0,6.6797
接受,14,0.0043,10.0,5.4596
配合,14,0.0043,6.0,8.2077
切割,14,0.0043,6.0,8.2077
介紹,14,0.0043,9.0,6.0391
規劃,14,0.0043,4.0,10.2535
廢水,14,0.0043,2.0,13.3594
超過,14,0.0043,8.0,6.6797
連接,14,0.0043,12.0,4.4439
排出,14,0.0043,6.0,8.2077
製成,14,0.0043,10.0,5.4596
混合,14,0.0043,8.0,6.6797
開發,14,0.0043,13.0,3.9933
純化,14,0.0043,5.0,9.145
處於,13,0.004,5.0,8.4918
IC,13,0.004,23.0,0.665
改變,13,0.004,12.0,4.1265
消耗,13,0.004,5.0,8.4918
提昇,13,0.004,6.0,7.6215
置於,13,0.004,11.0,4.5784
調整,13,0.004,13.0,3.7081
委託,12,0.0037,3.0,9.9516
自動化,12,0.0037,11.0,4.2262
變動,12,0.0037,3.0,9.9516
選用,12,0.0037,8.0,5.7255
設定,12,0.0037,6.0,7.0352
採購,12,0.0037,4.0,8.7887
區分為,12,0.0037,7.0,6.3393
添加,12,0.0037,4.0,8.7887
導致,12,0.0037,4.0,8.7887
流程,12,0.0037,6.0,7.0352
資源,12,0.0037,4.0,8.7887
加速,12,0.0037,12.0,3.809
晶矽,12,0.0037,13.0,3.4228
合作,12,0.0037,5.0,7.8386
面臨,12,0.0037,8.0,5.7255
評估,12,0.0037,5.0,7.8386
導入,11,0.0034,8.0,5.2483
簡單,11,0.0034,6.0,6.4489
足夠,11,0.0034,11.0,3.874
沖洗,11,0.0034,5.0,7.1853
呈現,11,0.0034,10.0,4.2897
研究,11,0.0034,10.0,4.2897
融化,11,0.0034,5.0,7.1853
出貨,11,0.0034,8.0,5.2483
推動,11,0.0034,8.0,5.2483
裝置,11,0.0034,12.0,3.4916
燃燒,11,0.0034,2.0,10.4967
變得,11,0.0034,7.0,5.811
構裝,11,0.0034,6.0,6.4489
過程,11,0.0034,20.0,1.2006
精確,11,0.0034,11.0,3.874
解決,11,0.0034,9.0,4.745
再生,11,0.0034,4.0,8.0563
光阻,11,0.0034,17.0,1.937
檢測,11,0.0034,14.0,2.808
成熟,11,0.0034,8.0,5.2483
含有,11,0.0034,7.0,5.811
因應,11,0.0034,7.0,5.811
負責,11,0.0034,8.0,5.2483
旋轉,10,0.0031,9.0,4.3136
輸出,10,0.0031,6.0,5.8627
方式,10,0.0031,20.0,1.0914
切削,10,0.0031,3.0,8.293
供應,10,0.0031,10.0,3.8997
長成,10,0.0031,11.0,3.5218
發現,10,0.0031,6.0,5.8627
整合,10,0.0031,8.0,4.7712
送到,10,0.0031,6.0,5.8627
矽晶,10,0.0031,16.0,2.0091
破壞,10,0.0031,10.0,3.8997
溶劑,10,0.0031,7.0,5.2827
市場,10,0.0031,14.0,2.5527
邁向,10,0.0031,3.0,8.293
觀察,10,0.0031,3.0,8.293
接觸,10,0.0031,7.0,5.2827
廢氣,9,0.0028,2.0,8.5882
分成,9,0.0028,7.0,4.7545
突破,9,0.0028,7.0,4.7545
建立,9,0.0028,6.0,5.2764
重複,9,0.0028,9.0,3.8823
困難,9,0.0028,10.0,3.5097
氧化,9,0.0028,16.0,1.8082
平均,9,0.0028,6.0,5.2764
經濟,9,0.0028,8.0,4.2941
帶來,9,0.0028,6.0,5.2764
分配,9,0.0028,2.0,8.5882
量測,9,0.0028,6.0,5.2764
等待,9,0.0028,5.0,5.8789
加溫,9,0.0028,5.0,5.8789
波動,9,0.0028,3.0,7.4637
常用,9,0.0028,10.0,3.5097
建立,9,0.0028,5.0,5.8789
封裝,9,0.0028,20.0,0.9823
通入,9,0.0028,2.0,8.5882
成分,9,0.0028,4.0,6.5915
磷酸,9,0.0028,1.0,10.173
蒸餾,9,0.0028,3.0,7.4637
安裝,9,0.0028,4.0,6.5915
取代,9,0.0028,3.0,7.4637
行業,9,0.0028,1.0,10.173
傳送,8,0.0025,6.0,4.6901
溶解,8,0.0025,3.0,6.6344
密閉,8,0.0025,2.0,7.6339
化學,8,0.0025,19.0,1.0427
輸送,8,0.0025,4.0,5.8592
支援,8,0.0025,2.0,7.6339
支出,8,0.0025,4.0,5.8592
追求,8,0.0025,3.0,6.6344
位於,8,0.0025,6.0,4.6901
檢腳,8,0.0025,3.0,6.6344
垂直,8,0.0025,7.0,4.2262
預估,8,0.0025,6.0,4.6901
廢棄,8,0.0025,2.0,7.6339
委外,8,0.0025,3.0,6.6344
擴張,8,0.0025,3.0,6.6344
元件,8,0.0025,20.0,0.8732
代表,8,0.0025,7.0,4.2262
判斷,8,0.0025,7.0,4.2262
覆蓋,8,0.0025,10.0,3.1198
薄膜,8,0.0025,18.0,1.2209
成形,8,0.0025,8.0,3.817
放置,8,0.0025,6.0,4.6901
發揮,8,0.0025,6.0,4.6901
推進,8,0.0025,2.0,7.6339
電子,8,0.0025,22.0,0.5571
送往,8,0.0025,5.0,5.2257
轉換,8,0.0025,10.0,3.1198
發展出,8,0.0025,7.0,4.2262
修正,8,0.0025,6.0,4.6901
值得,8,0.0025,4.0,5.8592
消除,8,0.0025,8.0,3.817
蒸發,8,0.0025,3.0,6.6344
上行,7,0.0022,1.0,7.9123
交換,7,0.0022,3.0,5.8051
溶於,7,0.0022,3.0,5.8051
殘留,7,0.0022,3.0,5.8051
參考,7,0.0022,3.0,5.8051
研發,7,0.0022,9.0,3.0195
留下,7,0.0022,4.0,5.1268
摻雜,7,0.0022,7.0,3.6979
探討,7,0.0022,6.0,4.1039
慢慢,7,0.0022,7.0,3.6979
領先,7,0.0022,4.0,5.1268
全球化,7,0.0022,2.0,6.6797
搬運,7,0.0022,6.0,4.1039
預期,7,0.0022,5.0,4.5725
滲透,7,0.0022,5.0,4.5725
顯影,7,0.0022,12.0,2.2219
步驟,7,0.0022,18.0,1.0683
真空,7,0.0022,15.0,1.5907
材料,7,0.0022,6.0,4.1039
預計,7,0.0022,4.0,5.1268
 成,7,0.0022,3.0,5.8051
碰撞,7,0.0022,6.0,4.1039
找出,7,0.0022,3.0,5.8051
妥善,7,0.0022,3.0,5.8051
容易,7,0.0022,6.0,4.1039
電漿,7,0.0022,7.0,3.6979
作業,7,0.0022,8.0,3.3398
放入,7,0.0022,6.0,4.1039
大於,7,0.0022,6.0,4.1039
加熱,7,0.0022,13.0,1.9967
沈積,7,0.0022,3.0,5.8051
切削油,7,0.0022,1.0,7.9123
生長,7,0.0022,3.0,5.8051
侷限,7,0.0022,8.0,3.3398
依賴,7,0.0022,5.0,4.5725
新鮮,7,0.0022,1.0,7.9123
攪拌,7,0.0022,2.0,6.6797
擴產,7,0.0022,4.0,5.1268
時間,7,0.0022,18.0,1.0683
測品,7,0.0022,3.0,5.8051
伴隨,7,0.0022,3.0,5.8051
氣體,7,0.0022,15.0,1.5907
平衡,7,0.0022,3.0,5.8051
包裝,7,0.0022,9.0,3.0195
超高,7,0.0022,4.0,5.1268
批待,7,0.0022,3.0,5.8051
詳細,7,0.0022,4.0,5.1268
周期,6,0.0019,3.0,4.9758
脫水,6,0.0019,2.0,5.7255
缺少,6,0.0019,5.0,3.9193
特別,6,0.0019,7.0,3.1696
延伸,6,0.0019,6.0,3.5176
轉往,6,0.0019,3.0,4.9758
執行,6,0.0019,3.0,4.9758
寬鬆,6,0.0019,1.0,6.782
細分,6,0.0019,5.0,3.9193
送至,6,0.0019,7.0,3.1696
散熱,6,0.0019,5.0,3.9193
凝固,6,0.0019,1.0,6.782
產業,6,0.0019,19.0,0.782
收縮,6,0.0019,3.0,4.9758
連結,6,0.0019,2.0,5.7255
現象,6,0.0019,12.0,1.9045
上市,6,0.0019,4.0,4.3944
塗佈,6,0.0019,6.0,3.5176
維護,6,0.0019,3.0,4.9758
緩慢,6,0.0019,3.0,4.9758
製造商,6,0.0019,8.0,2.8627
昂貴,6,0.0019,6.0,3.5176
電路,6,0.0019,6.0,3.5176
傳遞,6,0.0019,4.0,4.3944
類似,6,0.0019,5.0,3.9193
預燒,6,0.0019,3.0,4.9758
轉速,6,0.0019,5.0,3.9193
有機,6,0.0019,10.0,2.3398
運轉,6,0.0019,4.0,4.3944
獲取,6,0.0019,1.0,6.782
朝向,6,0.0019,3.0,4.9758
傳到,6,0.0019,4.0,4.3944
熔化,6,0.0019,2.0,5.7255
濺鍍,6,0.0019,5.0,3.9193
細微,6,0.0019,2.0,5.7255
抽測,6,0.0019,3.0,4.9758
分開,6,0.0019,7.0,3.1696
移除,6,0.0019,8.0,2.8627
展望,6,0.0019,5.0,3.9193
高於,6,0.0019,5.0,3.9193
高溫,6,0.0019,13.0,1.7114
成立,6,0.0019,2.0,5.7255
稀釋,6,0.0019,4.0,4.3944
針測,6,0.0019,6.0,3.5176
協助,6,0.0019,4.0,4.3944
龐大,6,0.0019,5.0,3.9193
注入,6,0.0019,6.0,3.5176
PI,6,0.0019,3.0,4.9758
高達,6,0.0019,5.0,3.9193
確認,6,0.0019,6.0,3.5176
小於,6,0.0019,3.0,4.9758
沾附,6,0.0019,3.0,4.9758
到達,6,0.0019,5.0,3.9193
檢查,6,0.0019,7.0,3.1696
打線,6,0.0019,7.0,3.1696
濃度,6,0.0019,3.0,4.9758
建議,6,0.0019,2.0,5.7255
簡稱,6,0.0019,6.0,3.5176
扮演,6,0.0019,5.0,3.9193
加大,5,0.0016,3.0,4.1465
搶得,5,0.0016,1.0,5.6517
交由,5,0.0016,5.0,3.2661
整理,5,0.0016,2.0,4.7712
趨於,5,0.0016,3.0,4.1465
蓬勃,5,0.0016,6.0,2.9313
不良品,5,0.0016,5.0,3.2661
方法,5,0.0016,15.0,1.1362
黏貼,5,0.0016,5.0,3.2661
點上,5,0.0016,6.0,2.9313
導線架,5,0.0016,7.0,2.6414
搭配,5,0.0016,6.0,2.9313
水泥,5,0.0016,1.0,5.6517
永續,5,0.0016,1.0,5.6517
整體,5,0.0016,14.0,1.2764
繁多,5,0.0016,4.0,3.662
看好,5,0.0016,5.0,3.2661
停留,5,0.0016,2.0,4.7712
冷卻,5,0.0016,1.0,5.6517
資本,5,0.0016,5.0,3.2661
平坦,5,0.0016,13.0,1.4262
持有,5,0.0016,1.0,5.6517
來到,5,0.0016,1.0,5.6517
缺乏,5,0.0016,2.0,4.7712
趨弱,5,0.0016,1.0,5.6517
進展,5,0.0016,3.0,4.1465
吃緊,5,0.0016,1.0,5.6517
產製,5,0.0016,6.0,2.9313
10,5,0.0016,23.0,0.2558
光罩,5,0.0016,20.0,0.5457
移轉到,5,0.0016,4.0,3.662
用到,5,0.0016,5.0,3.2661
驅動,5,0.0016,9.0,2.1568
清晰,5,0.0016,5.0,3.2661
陶瓷,5,0.0016,8.0,2.3856
作用,5,0.0016,12.0,1.5871
良好,5,0.0016,5.0,3.2661
物質,5,0.0016,11.0,1.7609
 化,5,0.0016,4.0,3.662
接近,5,0.0016,5.0,3.2661
專業,5,0.0016,3.0,4.1465
經由,5,0.0016,15.0,1.1362
精準,5,0.0016,3.0,4.1465
取決,5,0.0016,4.0,3.662
腐蝕,5,0.0016,6.0,2.9313
2007,5,0.0016,2.0,4.7712
推出,5,0.0016,5.0,3.2661
下降,5,0.0016,5.0,3.2661
建構,5,0.0016,2.0,4.7712
修整,5,0.0016,4.0,3.662
保證,5,0.0016,4.0,3.662
 用,5,0.0016,4.0,3.662
接腳,5,0.0016,3.0,4.1465
積體,5,0.0016,19.0,0.6517
設置,5,0.0016,2.0,4.7712
精細,5,0.0016,4.0,3.662
原物料,5,0.0016,3.0,4.1465
單晶,5,0.0016,13.0,1.4262
驗證,5,0.0016,4.0,3.662
納入,5,0.0016,2.0,4.7712
希望,5,0.0016,3.0,4.1465
粗糙,5,0.0016,4.0,3.662
吸引,5,0.0016,6.0,2.9313
良率,5,0.0016,6.0,2.9313
微粒,5,0.0016,4.0,3.662
高速,5,0.0016,6.0,2.9313
發表,5,0.0016,8.0,2.3856
採取,5,0.0016,4.0,3.662
瞭解,5,0.0016,3.0,4.1465
照射,5,0.0016,6.0,2.9313
檢驗,5,0.0016,8.0,2.3856
給予,5,0.0016,5.0,3.2661
部份,5,0.0016,14.0,1.2764
典型,5,0.0016,4.0,3.662
熔融,5,0.0016,3.0,4.1465
印刷,5,0.0016,6.0,2.9313
成品,5,0.0016,12.0,1.5871
照明,5,0.0016,7.0,2.6414
配製,5,0.0016,4.0,3.662
程序,5,0.0016,14.0,1.2764
減低,5,0.0016,4.0,3.662
燒結,5,0.0016,2.0,4.7712
收益,4,0.0012,1.0,4.5213
回升,4,0.0012,1.0,4.5213
翻轉,4,0.0012,4.0,2.9296
複製,4,0.0012,6.0,2.3451
功能,4,0.0012,19.0,0.5213
把握,4,0.0012,4.0,2.9296
折舊,4,0.0012,2.0,3.817
努力,4,0.0012,3.0,3.3172
偏低,4,0.0012,2.0,3.817
包覆,4,0.0012,3.0,3.3172
引腳,4,0.0012,6.0,2.3451
引進,4,0.0012,4.0,2.9296
原理,4,0.0012,2.0,3.817
優先,4,0.0012,5.0,2.6129
解析,4,0.0012,5.0,2.6129
金屬,4,0.0012,13.0,1.1409
成立,4,0.0012,3.0,3.3172
開創,4,0.0012,2.0,3.817
廢棄物,4,0.0012,2.0,3.817
揮發,4,0.0012,6.0,2.3451
換上,4,0.0012,5.0,2.6129
運輸,4,0.0012,3.0,3.3172
透光,4,0.0012,4.0,2.9296
強大,4,0.0012,2.0,3.817
成功,4,0.0012,3.0,3.3172
優勢,4,0.0012,9.0,1.7255
鑲有,4,0.0012,4.0,2.9296
能力,4,0.0012,5.0,2.6129
固化,4,0.0012,2.0,3.817
表現,4,0.0012,6.0,2.3451
取出,4,0.0012,4.0,2.9296
應有,4,0.0012,5.0,2.6129
感光,4,0.0012,7.0,2.1131
分層,4,0.0012,1.0,4.5213
分述,4,0.0012,4.0,2.9296
切除,4,0.0012,3.0,3.3172
捕集,4,0.0012,1.0,4.5213
透析,4,0.0012,1.0,4.5213
克服,4,0.0012,5.0,2.6129
割成,4,0.0012,8.0,1.9085
優於,4,0.0012,4.0,2.9296
敘述,4,0.0012,4.0,2.9296
剩下,4,0.0012,5.0,2.6129
通知,4,0.0012,4.0,2.9296
醋酸,4,0.0012,1.0,4.5213
儲存,4,0.0012,4.0,2.9296
嘗試,4,0.0012,4.0,2.9296
興起,4,0.0012,6.0,2.3451
耗電,4,0.0012,3.0,3.3172
重回,4,0.0012,3.0,3.3172
指出,4,0.0012,5.0,2.6129
合格,4,0.0012,4.0,2.9296
進口,4,0.0012,2.0,3.817
指定,4,0.0012,3.0,3.3172
追隨,4,0.0012,1.0,4.5213
台積電,4,0.0012,10.0,1.5599
運作,4,0.0012,4.0,2.9296
撞擊,4,0.0012,5.0,2.6129
敏感,4,0.0012,6.0,2.3451
有誤,4,0.0012,4.0,2.9296
金屬,4,0.0012,6.0,2.3451
常見,4,0.0012,4.0,2.9296
激增,4,0.0012,4.0,2.9296
純水,4,0.0012,5.0,2.6129
流程,4,0.0012,9.0,1.7255
驚人,4,0.0012,2.0,3.817
連續,4,0.0012,3.0,3.3172
濺擊,4,0.0012,2.0,3.817
劣化,4,0.0012,1.0,4.5213
零件,4,0.0012,3.0,3.3172
晶體,4,0.0012,14.0,1.0211
機會,4,0.0012,10.0,1.5599
不佳,4,0.0012,5.0,2.6129
機構,4,0.0012,6.0,2.3451
無塵室,4,0.0012,5.0,2.6129
面對,4,0.0012,5.0,2.6129
機相,4,0.0012,4.0,2.9296
趨勢,4,0.0012,14.0,1.0211
空氣,4,0.0012,4.0,2.9296
仰賴,4,0.0012,3.0,3.3172
穿透,4,0.0012,4.0,2.9296
石英,4,0.0012,10.0,1.5599
計算,4,0.0012,3.0,3.3172
純度,4,0.0012,4.0,2.9296
預定,4,0.0012,5.0,2.6129
50,4,0.0012,16.0,0.8037
硬脆,4,0.0012,5.0,2.6129
減廢,4,0.0012,2.0,3.817
謹慎,4,0.0012,1.0,4.5213
增大,4,0.0012,3.0,3.3172
顯得,4,0.0012,4.0,2.9296
增速,4,0.0012,1.0,4.5213
參考,4,0.0012,3.0,3.3172
準確,4,0.0012,8.0,1.9085
顯像,4,0.0012,5.0,2.6129
風險,4,0.0012,5.0,2.6129
條件,4,0.0012,9.0,1.7255
混入,4,0.0012,1.0,4.5213
程式,4,0.0012,6.0,2.3451
絕緣,4,0.0012,8.0,1.9085
說明,4,0.0012,4.0,2.9296
淘汰,4,0.0012,6.0,2.3451
主導,4,0.0012,5.0,2.6129
涵蓋,4,0.0012,3.0,3.3172
變化,4,0.0012,10.0,1.5599
經營,4,0.0012,4.0,2.9296
量產,4,0.0012,2.0,3.817
購買,4,0.0012,2.0,3.817
佈植,4,0.0012,2.0,3.817
SiC,4,0.0012,2.0,3.817
供應商,4,0.0012,3.0,3.3172
電鍍銅,4,0.0012,1.0,4.5213
更換,4,0.0012,2.0,3.817
供給,4,0.0012,4.0,2.9296
理想,4,0.0012,6.0,2.3451
趨緩,4,0.0012,3.0,3.3172
缺陷,4,0.0012,11.0,1.4087
離開,4,0.0012,4.0,2.9296
計畫,4,0.0012,6.0,2.3451
氬氣,4,0.0012,1.0,4.5213
置入,4,0.0012,4.0,2.9296
毀損,4,0.0012,4.0,2.9296
切成,4,0.0012,2.0,3.817
管理,4,0.0012,5.0,2.6129
切除,4,0.0012,3.0,3.3172
利於,4,0.0012,4.0,2.9296
 備,4,0.0012,2.0,3.817
試產,4,0.0012,7.0,2.1131
低於,4,0.0012,6.0,2.3451
當作,4,0.0012,6.0,2.3451
位居,4,0.0012,3.0,3.3172
氣相,4,0.0012,13.0,1.1409
沉澱,4,0.0012,2.0,3.817
燒成,4,0.0012,1.0,4.5213
縮短,4,0.0012,6.0,2.3451
貼上,4,0.0012,4.0,2.9296
定位,4,0.0012,5.0,2.6129
容納,4,0.0012,3.0,3.3172
定義,4,0.0012,9.0,1.7255
離子,4,0.0012,6.0,2.3451
不變,3,0.0009,3.0,2.4879
拉速,3,0.0009,2.0,2.8627
淨化,3,0.0009,2.0,2.8627
拉長,3,0.0009,3.0,2.4879
不足,3,0.0009,3.0,2.4879
扶植,3,0.0009,2.0,2.8627
扭曲,3,0.0009,4.0,2.1972
剩餘,3,0.0009,2.0,2.8627
拉出,3,0.0009,4.0,2.1972
拉升,3,0.0009,3.0,2.4879
液體,3,0.0009,3.0,2.4879
崩裂,3,0.0009,2.0,2.8627
趨強,3,0.0009,1.0,3.391
200,3,0.0009,19.0,0.391
2001,3,0.0009,5.0,1.9596
磊晶,3,0.0009,5.0,1.9596
加快,3,0.0009,5.0,1.9596
汲極,3,0.0009,1.0,3.391
夾持,3,0.0009,4.0,2.1972
加裝,3,0.0009,1.0,3.391
污染物,3,0.0009,5.0,1.9596
抽成,3,0.0009,3.0,2.4879
劃分,3,0.0009,2.0,2.8627
拉速,3,0.0009,3.0,2.4879
抽氣,3,0.0009,3.0,2.4879
3.1,3,0.0009,6.0,1.7588
規模,3,0.0009,5.0,1.9596
配比,3,0.0009,4.0,2.1972
調勻,3,0.0009,1.0,3.391
污染源,3,0.0009,2.0,2.8627
創新,3,0.0009,5.0,1.9596
太多,3,0.0009,2.0,2.8627
蒸出,3,0.0009,1.0,3.391
水量,3,0.0009,2.0,2.8627
噴砂法,3,0.0009,3.0,2.4879
大小,3,0.0009,12.0,0.9523
剪切,3,0.0009,2.0,2.8627
稱之為,3,0.0009,6.0,1.7588
邊緣,3,0.0009,9.0,1.2941
離子,3,0.0009,13.0,0.8557
不良,3,0.0009,5.0,1.9596
燃料,3,0.0009,2.0,2.8627
獨佔,3,0.0009,1.0,3.391
 出,3,0.0009,4.0,2.1972
台灣,3,0.0009,11.0,1.0565
啟動,3,0.0009,3.0,2.4879
製作成,3,0.0009,3.0,2.4879
定義出,3,0.0009,3.0,2.4879
流入,3,0.0009,2.0,2.8627
獨特,3,0.0009,3.0,2.4879
運送,3,0.0009,5.0,1.9596
熱門,3,0.0009,5.0,1.9596
實驗,3,0.0009,4.0,2.1972
受惠,3,0.0009,1.0,3.391
息息,3,0.0009,4.0,2.1972
過低,3,0.0009,5.0,1.9596
商業,3,0.0009,6.0,1.7588
相較,3,0.0009,4.0,2.1972
導線,3,0.0009,12.0,0.9523
後續,3,0.0009,14.0,0.7658
速度,3,0.0009,10.0,1.1699
降溫,3,0.0009,4.0,2.1972
含氧,3,0.0009,5.0,1.9596
影響到,3,0.0009,2.0,2.8627
產能,3,0.0009,13.0,0.8557
切入,3,0.0009,1.0,3.391
製造業,3,0.0009,7.0,1.5848
相比,3,0.0009,3.0,2.4879
容器,3,0.0009,6.0,1.7588
 LCA,3,0.0009,1.0,3.391
密合,3,0.0009,3.0,2.4879
合適,3,0.0009,3.0,2.4879
瑕疵,3,0.0009,9.0,1.2941
合機,3,0.0009,3.0,2.4879
了 ,3,0.0009,2.0,2.8627
情況,3,0.0009,8.0,1.4314
完善,3,0.0009,3.0,2.4879
半導體工業,3,0.0009,7.0,1.5848
氣罩,3,0.0009,1.0,3.391
兩種,3,0.0009,6.0,1.7588
尋找,3,0.0009,3.0,2.4879
 除,3,0.0009,3.0,2.4879
選取,3,0.0009,2.0,2.8627
溶出,3,0.0009,2.0,2.8627
對準,3,0.0009,8.0,1.4314
矽晶棒,3,0.0009,5.0,1.9596
半導,3,0.0009,25.0,0.0492
磨削,3,0.0009,3.0,2.4879
磨成,3,0.0009,3.0,2.4879
強化,3,0.0009,2.0,2.8627
升級,3,0.0009,3.0,2.4879
起步,3,0.0009,2.0,2.8627
存放,3,0.0009,3.0,2.4879
演進,3,0.0009,6.0,1.7588
購置,3,0.0009,1.0,3.391
澄清,3,0.0009,1.0,3.391
遠心,3,0.0009,1.0,3.391
融解,3,0.0009,4.0,2.1972
硬化,3,0.0009,3.0,2.4879
濃縮,3,0.0009,2.0,2.8627
硝酸,3,0.0009,2.0,2.8627
原有,3,0.0009,1.0,3.391
過高,3,0.0009,7.0,1.5848
行進,3,0.0009,2.0,2.8627
 源,3,0.0009,2.0,2.8627
領先,3,0.0009,2.0,2.8627
矽砂,3,0.0009,2.0,2.8627
 業,3,0.0009,3.0,2.4879
審核,3,0.0009,1.0,3.391
 言,3,0.0009,1.0,3.391
指引,3,0.0009,2.0,2.8627
削去,3,0.0009,3.0,2.4879
交付,3,0.0009,2.0,2.8627
摻入,3,0.0009,2.0,2.8627
順天,3,0.0009,1.0,3.391
摻配,3,0.0009,2.0,2.8627
順利,3,0.0009,2.0,2.8627
緊密,3,0.0009,3.0,2.4879
亮眼,3,0.0009,1.0,3.391
暴露,3,0.0009,1.0,3.391
晶粒,3,0.0009,6.0,1.7588
光片,3,0.0009,1.0,3.391
光源,3,0.0009,9.0,1.2941
廠商,3,0.0009,10.0,1.1699
擴 ,3,0.0009,0.0,4.2941
非凡,3,0.0009,3.0,2.4879
關注,3,0.0009,4.0,2.1972
擴充,3,0.0009,3.0,2.4879
聚焦,3,0.0009,3.0,2.4879
塗抹,3,0.0009,2.0,2.8627
充填,3,0.0009,3.0,2.4879
最多,3,0.0009,3.0,2.4879
絕大,3,0.0009,3.0,2.4879
頸部,3,0.0009,4.0,2.1972
設備商,3,0.0009,2.0,2.8627
預防,3,0.0009,5.0,1.9596
墊上,3,0.0009,3.0,2.4879
輸入,3,0.0009,3.0,2.4879
乃為,3,0.0009,2.0,2.8627
損傷,3,0.0009,6.0,1.7588
跟上,3,0.0009,2.0,2.8627
門檻,3,0.0009,5.0,1.9596
公司,3,0.0009,13.0,0.8557
有害,3,0.0009,2.0,2.8627
綜合,3,0.0009,4.0,2.1972
全球,3,0.0009,9.0,1.2941
搭載,3,0.0009,2.0,2.8627
轉移到,3,0.0009,2.0,2.8627
編制,3,0.0009,1.0,3.391
能源,3,0.0009,5.0,1.9596
考慮到,3,0.0009,1.0,3.391
計有,3,0.0009,2.0,2.8627
階段,3,0.0009,15.0,0.6817
電晶體,3,0.0009,12.0,0.9523
改用,3,0.0009,3.0,2.4879
促使,3,0.0009,2.0,2.8627
俗稱,3,0.0009,6.0,1.7588
置放,3,0.0009,5.0,1.9596
保留,3,0.0009,1.0,3.391
散入,3,0.0009,1.0,3.391
修改,3,0.0009,4.0,2.1972
修補,3,0.0009,4.0,2.1972
轉換成,3,0.0009,2.0,2.8627
效率,3,0.0009,3.0,2.4879
堅固,3,0.0009,2.0,2.8627
集成,3,0.0009,2.0,2.8627
除掉,3,0.0009,5.0,1.9596
備用,3,0.0009,1.0,3.391
緩衝,3,0.0009,3.0,2.4879
催化,3,0.0009,1.0,3.391
佈線,3,0.0009,4.0,2.1972
吻合,3,0.0009,3.0,2.4879
優異,3,0.0009,2.0,2.8627
縮小到,3,0.0009,5.0,1.9596
位置,3,0.0009,11.0,1.0565
支持,3,0.0009,6.0,1.7588
僅有,3,0.0009,6.0,1.7588
佔有,3,0.0009,5.0,1.9596
考量,3,0.0009,3.0,2.4879
電路,3,0.0009,17.0,0.5283
作出,3,0.0009,5.0,1.9596
傳輸,3,0.0009,9.0,1.2941
方向,3,0.0009,16.0,0.6027
收緊,3,0.0009,1.0,3.391
電荷,3,0.0009,4.0,2.1972
丟棄,3,0.0009,2.0,2.8627
轉載,3,0.0009,1.0,3.391
丙醇,3,0.0009,2.0,2.8627
殘留,3,0.0009,3.0,2.4879
銷售,3,0.0009,5.0,1.9596
上線,3,0.0009,4.0,2.1972
帶有,3,0.0009,3.0,2.4879
分解,3,0.0009,5.0,1.9596
壓成,3,0.0009,3.0,2.4879
機台,3,0.0009,12.0,0.9523
mol,3,0.0009,4.0,2.1972
精密,3,0.0009,5.0,1.9596
世代,3,0.0009,4.0,2.1972
高度,3,0.0009,6.0,1.7588
差異,3,0.0009,5.0,1.9596
正確,3,0.0009,5.0,1.9596
歷經,3,0.0009,4.0,2.1972
粉末,3,0.0009,2.0,2.8627
排入,3,0.0009,2.0,2.8627
膨脹,3,0.0009,3.0,2.4879
掃描,3,0.0009,7.0,1.5848
黏著,3,0.0009,7.0,1.5848
毒性,3,0.0009,2.0,2.8627
比擬,3,0.0009,3.0,2.4879
捕捉,3,0.0009,4.0,2.1972
工廠,3,0.0009,14.0,0.7658
追蹤,3,0.0009,2.0,2.8627
致使,3,0.0009,4.0,2.1972
視為,3,0.0009,4.0,2.1972
更改,3,0.0009,2.0,2.8627
更新,3,0.0009,4.0,2.1972
工作,3,0.0009,11.0,1.0565
更為,3,0.0009,4.0,2.1972
重測,3,0.0009,3.0,2.4879
增長,3,0.0009,4.0,2.1972
壓貼,3,0.0009,3.0,2.4879
國際,3,0.0009,9.0,1.2941
出新,3,0.0009,5.0,1.9596
延續,3,0.0009,3.0,2.4879
細小,3,0.0009,3.0,2.4879
凹凸,3,0.0009,3.0,2.4879
延長,3,0.0009,2.0,2.8627
推陳,3,0.0009,4.0,2.1972
增添,3,0.0009,3.0,2.4879
廢溶劑,3,0.0009,1.0,3.391
結成,3,0.0009,4.0,2.1972
架置,3,0.0009,3.0,2.4879
下降,3,0.0009,2.0,2.8627
分佈,3,0.0009,6.0,1.7588
增加到,3,0.0009,5.0,1.9596
固體,3,0.0009,4.0,2.1972
細化,3,0.0009,3.0,2.4879
下行,3,0.0009,1.0,3.391
增進,3,0.0009,3.0,2.4879
膠體,3,0.0009,6.0,1.7588
鋪設,3,0.0009,3.0,2.4879
飽和,3,0.0009,3.0,2.4879
輕薄,3,0.0009,3.0,2.4879
出來,3,0.0009,4.0,2.1972
形體,2,0.0006,4.0,1.4648
密封,2,0.0006,1.0,2.2607
請見,2,0.0006,1.0,2.2607
訊號,2,0.0006,6.0,1.1725
專注,2,0.0006,3.0,1.6586
帶正,2,0.0006,2.0,1.9085
試車,2,0.0006,1.0,2.2607
訂定,2,0.0006,2.0,1.9085
平行,2,0.0006,4.0,1.4648
密化,2,0.0006,2.0,1.9085
建造,2,0.0006,2.0,1.9085
廢液,2,0.0006,2.0,1.9085
嵌入,2,0.0006,4.0,1.4648
平滑,2,0.0006,1.0,2.2607
差排,2,0.0006,1.0,2.2607
工業,2,0.0006,14.0,0.5105
覆上,2,0.0006,2.0,1.9085
解釋,2,0.0006,1.0,2.2607
尺寸,2,0.0006,16.0,0.4018
負荷,2,0.0006,3.0,1.6586
誕生,2,0.0006,1.0,2.2607
變少,2,0.0006,1.0,2.2607
密集,2,0.0006,3.0,1.6586
庫存,2,0.0006,3.0,1.6586
訪視,2,0.0006,1.0,2.2607
覆晶式,2,0.0006,3.0,1.6586
設計書,2,0.0006,1.0,2.2607
強勁,2,0.0006,2.0,1.9085
差異,2,0.0006,3.0,1.6586
平滑,2,0.0006,3.0,1.6586
平行,2,0.0006,3.0,1.6586
平穩,2,0.0006,2.0,1.9085
引導,2,0.0006,2.0,1.9085
彙整,2,0.0006,1.0,2.2607
形容,2,0.0006,2.0,1.9085
註明,2,0.0006,3.0,1.6586
規格,2,0.0006,12.0,0.6348
平整,2,0.0006,4.0,1.4648
而定,2,0.0006,6.0,1.1725
複製到,2,0.0006,2.0,1.9085
稱作,2,0.0006,1.0,2.2607
比為,2,0.0006,1.0,2.2607
比重,2,0.0006,3.0,1.6586
氟化,2,0.0006,2.0,1.9085
氣化,2,0.0006,4.0,1.4648
氣態,2,0.0006,3.0,1.6586
簡化,2,0.0006,2.0,1.9085
水分,2,0.0006,2.0,1.9085
水平,2,0.0006,1.0,2.2607
水質,2,0.0006,2.0,1.9085
沉積出,2,0.0006,2.0,1.9085
沉積法,2,0.0006,5.0,1.3064
沉降,2,0.0006,2.0,1.9085
競爭,2,0.0006,8.0,0.9542
沒有用,2,0.0006,3.0,1.6586
空間,2,0.0006,6.0,1.1725
穩步,2,0.0006,1.0,2.2607
穩定性,2,0.0006,6.0,1.1725
洗淨,2,0.0006,3.0,1.6586
洗滌塔,2,0.0006,1.0,2.2607
穩健,2,0.0006,2.0,1.9085
流通,2,0.0006,2.0,1.9085
段數,2,0.0006,1.0,2.2607
簽訂,2,0.0006,1.0,2.2607
殘存,2,0.0006,2.0,1.9085
標準,2,0.0006,13.0,0.5705
材料,2,0.0006,18.0,0.3052
結構,2,0.0006,20.0,0.2183
組裝,2,0.0006,5.0,1.3064
析出,2,0.0006,1.0,2.2607
組合,2,0.0006,6.0,1.1725
柴式,2,0.0006,1.0,2.2607
業務,2,0.0006,3.0,1.6586
業者,2,0.0006,10.0,0.7799
樂觀,2,0.0006,3.0,1.6586
模板,2,0.0006,1.0,2.2607
歸類,2,0.0006,2.0,1.9085
樹脂,2,0.0006,7.0,1.0565
機械,2,0.0006,13.0,0.5705
橫向,2,0.0006,1.0,2.2607
檢出,2,0.0006,1.0,2.2607
檢測出,2,0.0006,2.0,1.9085
粘貼,2,0.0006,3.0,1.6586
粗糙度,2,0.0006,1.0,2.2607
正向,2,0.0006,2.0,1.9085
正式,2,0.0006,3.0,1.6586
浮除,2,0.0006,2.0,1.9085
涵括,2,0.0006,2.0,1.9085
影製,2,0.0006,5.0,1.3064
深度,2,0.0006,5.0,1.3064
無塵,2,0.0006,7.0,1.0565
無形,2,0.0006,2.0,1.9085
無機性,2,0.0006,2.0,1.9085
無缺,2,0.0006,4.0,1.4648
石英坩,2,0.0006,5.0,1.3064
短期,2,0.0006,5.0,1.3064
短暫,2,0.0006,3.0,1.6586
短小,2,0.0006,2.0,1.9085
燃毒,2,0.0006,1.0,2.2607
燒製,2,0.0006,1.0,2.2607
看待,2,0.0006,2.0,1.9085
物介,2,0.0006,3.0,1.6586
物理,2,0.0006,8.0,0.9542
特性,2,0.0006,17.0,0.3522
環保,2,0.0006,3.0,1.6586
環境,2,0.0006,17.0,0.3522
相互,2,0.0006,7.0,1.0565
直觀,2,0.0006,2.0,1.9085
百萬,2,0.0006,3.0,1.6586
申請,2,0.0006,2.0,1.9085
發出,2,0.0006,5.0,1.3064
破損,2,0.0006,1.0,2.2607
破裂,2,0.0006,2.0,1.9085
砷化鎵,2,0.0006,3.0,1.6586
準備好,2,0.0006,2.0,1.9085
混凝,2,0.0006,2.0,1.9085
混雜,2,0.0006,1.0,2.2607
清 ,2,0.0006,1.0,2.2607
示為,2,0.0006,3.0,1.6586
減輕,2,0.0006,1.0,2.2607
測試完,2,0.0006,4.0,1.4648
測量,2,0.0006,3.0,1.6586
磨料,2,0.0006,1.0,2.2607
源自於,2,0.0006,3.0,1.6586
溫度,2,0.0006,11.0,0.7044
潛力,2,0.0006,4.0,1.4648
磊晶矽,2,0.0006,3.0,1.6586
磊晶層,2,0.0006,5.0,1.3064
溶液,2,0.0006,10.0,0.7799
確實,2,0.0006,2.0,1.9085
滴入,2,0.0006,3.0,1.6586
滿載,2,0.0006,2.0,1.9085
漏電,2,0.0006,3.0,1.6586
漲價,2,0.0006,1.0,2.2607
潛在,2,0.0006,4.0,1.4648
絕佳,2,0.0006,2.0,1.9085
朝下,2,0.0006,1.0,2.2607
經歷,2,0.0006,2.0,1.9085
有用,2,0.0006,6.0,1.1725
投產,2,0.0006,3.0,1.6586
抗禮,2,0.0006,1.0,2.2607
抵禦,2,0.0006,1.0,2.2607
抽出,2,0.0006,4.0,1.4648
抽檢,2,0.0006,4.0,1.4648
萃取劑,2,0.0006,1.0,2.2607
拆封,2,0.0006,3.0,1.6586
花費,2,0.0006,2.0,1.9085
拿到,2,0.0006,2.0,1.9085
興建,2,0.0006,2.0,1.9085
致力,2,0.0006,1.0,2.2607
自行,2,0.0006,3.0,1.6586
捲帶,2,0.0006,2.0,1.9085
捲帶式,2,0.0006,2.0,1.9085
排列,2,0.0006,5.0,1.3064
排成,2,0.0006,2.0,1.9085
探尋,2,0.0006,1.0,2.2607
接上,2,0.0006,5.0,1.3064
接口,2,0.0006,1.0,2.2607
接收,2,0.0006,2.0,1.9085
腐敗,2,0.0006,1.0,2.2607
抑制,2,0.0006,1.0,2.2607
蒐集,2,0.0006,2.0,1.9085
蒸氣,2,0.0006,4.0,1.4648
裝除,2,0.0006,3.0,1.6586
待酬,2,0.0006,1.0,2.2607
得知,2,0.0006,3.0,1.6586
製造出,2,0.0006,3.0,1.6586
循環,2,0.0006,6.0,1.1725
微塵粒,2,0.0006,2.0,1.9085
製備,2,0.0006,3.0,1.6586
微影,2,0.0006,17.0,0.3522
微米,2,0.0006,9.0,0.8627
微縮,2,0.0006,8.0,0.9542
裝配,2,0.0006,2.0,1.9085
蒸鍍,2,0.0006,3.0,1.6586
性氣體,2,0.0006,3.0,1.6586
裁切,2,0.0006,3.0,1.6586
衰退,2,0.0006,1.0,2.2607
表 ,2,0.0006,5.0,1.3064
慢速,2,0.0006,2.0,1.9085
蝕去,2,0.0006,2.0,1.9085
處置,2,0.0006,2.0,1.9085
所同,2,0.0006,2.0,1.9085
手持,2,0.0006,3.0,1.6586
推測,2,0.0006,2.0,1.9085
脫離,2,0.0006,2.0,1.9085
推薦,2,0.0006,1.0,2.2607
締合,2,0.0006,1.0,2.2607
整理,2,0.0006,5.0,1.3064
斑痕,2,0.0006,1.0,2.2607
新建,2,0.0006,5.0,1.3064
新穎,2,0.0006,1.0,2.2607
方案,2,0.0006,8.0,0.9542
施工,2,0.0006,1.0,2.2607
易於,2,0.0006,2.0,1.9085
晶格,2,0.0006,5.0,1.3064
晶棒,2,0.0006,10.0,0.7799
線路,2,0.0006,9.0,0.8627
美觀,2,0.0006,3.0,1.6586
更多,2,0.0006,6.0,1.1725
維護費,2,0.0006,1.0,2.2607
最佳,2,0.0006,10.0,0.7799
最佳化,2,0.0006,3.0,1.6586
維修,2,0.0006,2.0,1.9085
最為,2,0.0006,5.0,1.3064
有別於,2,0.0006,2.0,1.9085
有助於,2,0.0006,1.0,2.2607
有機溶劑,2,0.0006,3.0,1.6586
效益,2,0.0006,3.0,1.6586
效果,2,0.0006,11.0,0.7044
脫附,2,0.0006,1.0,2.2607
摻質,2,0.0006,5.0,1.3064
描述,2,0.0006,4.0,1.4648
能量,2,0.0006,7.0,1.0565
提供給,2,0.0006,2.0,1.9085
提前,2,0.0006,2.0,1.9085
插入,2,0.0006,2.0,1.9085
揭露,2,0.0006,1.0,2.2607
損失,2,0.0006,4.0,1.4648
股份,2,0.0006,4.0,1.4648
摩爾,2,0.0006,5.0,1.3064
聚合,2,0.0006,3.0,1.6586
放緩,2,0.0006,1.0,2.2607
撼動,2,0.0006,1.0,2.2607
擬定,2,0.0006,1.0,2.2607
耗時,2,0.0006,5.0,1.3064
擾動,2,0.0006,2.0,1.9085
攜式,2,0.0006,2.0,1.9085
支撐,2,0.0006,3.0,1.6586
改為,2,0.0006,2.0,1.9085
改進,2,0.0006,2.0,1.9085
放大,2,0.0006,3.0,1.6586
買賣,2,0.0006,2.0,1.9085
疊加,2,0.0006,1.0,2.2607
容量,2,0.0006,3.0,1.6586
印上,2,0.0006,3.0,1.6586
關係,2,0.0006,5.0,1.3064
98,2,0.0006,4.0,1.4648
更加,2,0.0006,3.0,1.6586
受損,2,0.0006,2.0,1.9085
受益,2,0.0006,3.0,1.6586
黏土,2,0.0006,1.0,2.2607
受限,2,0.0006,3.0,1.6586
關閉,2,0.0006,1.0,2.2607
可望,2,0.0006,3.0,1.6586
練機,2,0.0006,1.0,2.2607
優雅,2,0.0006,3.0,1.6586
可行,2,0.0006,3.0,1.6586
進料口,2,0.0006,2.0,1.9085
合併,2,0.0006,2.0,1.9085
聯盟,2,0.0006,1.0,2.2607
 解,2,0.0006,5.0,1.3064
取樣,2,0.0006,1.0,2.2607
光滑,2,0.0006,1.0,2.2607
適宜,2,0.0006,2.0,1.9085
印字,2,0.0006,4.0,1.4648
開口,2,0.0006,2.0,1.9085
印有,2,0.0006,2.0,1.9085
 理,2,0.0006,1.0,2.2607
開採,2,0.0006,1.0,2.2607
內部,2,0.0006,11.0,0.7044
 力,2,0.0006,1.0,2.2607
過多,2,0.0006,3.0,1.6586
開支,2,0.0006,1.0,2.2607
80,2,0.0006,8.0,0.9542
 來,2,0.0006,2.0,1.9085
原料,2,0.0006,3.0,1.6586
 資,2,0.0006,3.0,1.6586
過大,2,0.0006,2.0,1.9085
 當,2,0.0006,4.0,1.4648
合法,2,0.0006,1.0,2.2607
 生,2,0.0006,1.0,2.2607
高級,2,0.0006,3.0,1.6586
 水,2,0.0006,2.0,1.9085
單位,2,0.0006,9.0,0.8627
逆向,2,0.0006,2.0,1.9085
送來,2,0.0006,2.0,1.9085
送入,2,0.0006,2.0,1.9085
噴出,2,0.0006,1.0,2.2607
嚴密,2,0.0006,2.0,1.9085
附加,2,0.0006,6.0,1.1725
備份,2,0.0006,4.0,1.4648
回到,2,0.0006,3.0,1.6586
RDL,2,0.0006,2.0,1.9085
退火,2,0.0006,4.0,1.4648
陰離子,2,0.0006,1.0,2.2607
回火,2,0.0006,3.0,1.6586
 求,2,0.0006,2.0,1.9085
阻礙,2,0.0006,1.0,2.2607
合約,2,0.0006,2.0,1.9085
同意,2,0.0006,1.0,2.2607
進出,2,0.0006,2.0,1.9085
III-V,2,0.0006,3.0,1.6586
連結,2,0.0006,2.0,1.9085
鰲頭,2,0.0006,1.0,2.2607
同力,2,0.0006,1.0,2.2607
優化,2,0.0006,2.0,1.9085
名為,2,0.0006,3.0,1.6586
 洗,2,0.0006,2.0,1.9085
造就,2,0.0006,2.0,1.9085
分離,2,0.0006,4.0,1.4648
含氯,2,0.0006,1.0,2.2607
含水,2,0.0006,2.0,1.9085
 為,2,0.0006,7.0,1.0565
通暢,2,0.0006,1.0,2.2607
數據,2,0.0006,2.0,1.9085
共用,2,0.0006,3.0,1.6586
例如,2,0.0006,5.0,1.3064
升高,2,0.0006,2.0,1.9085
來台,2,0.0006,1.0,2.2607
重視,2,0.0006,4.0,1.4648
錯合物,2,0.0006,1.0,2.2607
到位,2,0.0006,2.0,1.9085
制定,2,0.0006,2.0,1.9085
6.2,2,0.0006,2.0,1.9085
2005,2,0.0006,7.0,1.0565
2000,2,0.0006,8.0,0.9542
削油,2,0.0006,1.0,2.2607
不容易,2,0.0006,2.0,1.9085
不少,2,0.0006,2.0,1.9085
拉長,2,0.0006,2.0,1.9085
62,2,0.0006,5.0,1.3064
釋出,2,0.0006,1.0,2.2607
前述,2,0.0006,6.0,1.1725
24,2,0.0006,8.0,0.9542
鋼製,2,0.0006,1.0,2.2607
切斷,2,0.0006,2.0,1.9085
分散,2,0.0006,3.0,1.6586
分餾,2,0.0006,2.0,1.9085
48,2,0.0006,4.0,1.4648
分類,2,0.0006,6.0,1.1725
分離出來,2,0.0006,1.0,2.2607
異常,2,0.0006,3.0,1.6586
5.3,2,0.0006,1.0,2.2607
5.4,2,0.0006,2.0,1.9085
來自於,2,0.0006,2.0,1.9085
切出,2,0.0006,2.0,1.9085
分布,2,0.0006,4.0,1.4648
分工,2,0.0006,5.0,1.3064
切好,2,0.0006,2.0,1.9085
切成,2,0.0006,3.0,1.6586
52,2,0.0006,3.0,1.6586
酸鹼,2,0.0006,5.0,1.3064
1960年代,2,0.0006,1.0,2.2607
拉晶,2,0.0006,2.0,1.9085
包裝成,2,0.0006,2.0,1.9085
努力,2,0.0006,2.0,1.9085
長出,2,0.0006,2.0,1.9085
動能,2,0.0006,5.0,1.3064
兼顧,2,0.0006,2.0,1.9085
105,2,0.0006,1.0,2.2607
1000,2,0.0006,8.0,0.9542
配上,2,0.0006,2.0,1.9085
不盡,2,0.0006,2.0,1.9085
化學品,2,0.0006,3.0,1.6586
不要,2,0.0006,2.0,1.9085
化成,2,0.0006,3.0,1.6586
十二,2,0.0006,2.0,1.9085
升溫,2,0.0006,3.0,1.6586
拉出,2,0.0006,3.0,1.6586
長久,2,0.0006,4.0,1.4648
冶煉,2,0.0006,3.0,1.6586
酸液,2,0.0006,5.0,1.3064
凝聚,2,0.0006,3.0,1.6586
割完,2,0.0006,4.0,1.4648
酸洗,2,0.0006,1.0,2.2607
創造,2,0.0006,5.0,1.3064
創造出,2,0.0006,2.0,1.9085
剷除,2,0.0006,1.0,2.2607
凸出,2,0.0006,3.0,1.6586
劑為,2,0.0006,4.0,1.4648
乾燥,2,0.0006,1.0,2.2607
67,2,0.0006,2.0,1.9085
1420,2,0.0006,4.0,1.4648
加 ,2,0.0006,3.0,1.6586
凝結,2,0.0006,2.0,1.9085
配料,2,0.0006,1.0,2.2607
69,2,0.0006,4.0,1.4648
 本,2,0.0006,3.0,1.6586
價格,2,0.0006,9.0,0.8627
回顧,2,0.0006,1.0,2.2607
不良,2,0.0006,4.0,1.4648
來源,2,0.0006,9.0,0.8627
面臨,2,0.0006,2.0,1.9085
供作,2,0.0006,1.0,2.2607
供貨,2,0.0006,1.0,2.2607
下半層,2,0.0006,3.0,1.6586
存於,2,0.0006,2.0,1.9085
上漲,2,0.0006,2.0,1.9085
切斷,2,0.0006,3.0,1.6586
切片,2,0.0006,5.0,1.3064
介質,2,0.0006,4.0,1.4648
上游,2,0.0006,11.0,0.7044
中央系統,2,0.0006,1.0,2.2607
輔助,2,0.0006,4.0,1.4648
驗收,2,0.0006,2.0,1.9085
靶材,2,0.0006,2.0,1.9085
增強,2,0.0006,2.0,1.9085
電容,2,0.0006,4.0,1.4648
越來,2,0.0006,2.0,1.9085
 多,2,0.0006,4.0,1.4648
人員,2,0.0006,8.0,0.9542
保留,2,0.0006,2.0,1.9085
一元化,2,0.0006,1.0,2.2607
體積,2,0.0006,11.0,0.7044
頻率,2,0.0006,3.0,1.6586
估計,2,0.0006,3.0,1.6586
pH,2,0.0006,2.0,1.9085
利潤,2,0.0006,1.0,2.2607
需求,2,0.0006,17.0,0.3522
大型,2,0.0006,4.0,1.4648
理論,2,0.0006,1.0,2.2607
不到,2,0.0006,3.0,1.6586
失效,2,0.0006,2.0,1.9085
電阻質,2,0.0006,2.0,1.9085
失敗,2,0.0006,2.0,1.9085
低溫,2,0.0006,8.0,0.9542
顯現,2,0.0006,4.0,1.4648
狀態,2,0.0006,3.0,1.6586
電阻,2,0.0006,8.0,0.9542
超越,2,0.0006,4.0,1.4648
不合,2,0.0006,2.0,1.9085
顯微,2,0.0006,4.0,1.4648
顯出,2,0.0006,2.0,1.9085
佈局,2,0.0006,3.0,1.6586
不易,2,0.0006,4.0,1.4648
下游,2,0.0006,6.0,1.1725
伸出,2,0.0006,1.0,2.2607
 D,2,0.0006,20.0,0.2183
因素,2,0.0006,9.0,0.8627
佔據,2,0.0006,1.0,2.2607
 入,2,0.0006,2.0,1.9085
體系,2,0.0006,3.0,1.6586
位程,2,0.0006,1.0,2.2607
高分子,2,0.0006,6.0,1.1725
預測,2,0.0006,4.0,1.4648
完美,2,0.0006,2.0,1.9085
事業,2,0.0006,2.0,1.9085
停止,2,0.0006,2.0,1.9085
 收,2,0.0006,3.0,1.6586
執行,2,0.0006,6.0,1.1725
了解,2,0.0006,1.0,2.2607
圓片,2,0.0006,7.0,1.0565
epi,2,0.0006,6.0,1.1725
辨識,2,0.0006,2.0,1.9085
乾淨,2,0.0006,2.0,1.9085
預設,2,0.0006,1.0,2.2607
做成,2,0.0006,1.0,2.2607
高深,2,0.0006,1.0,2.2607
客戶,2,0.0006,12.0,0.6348
精製,2,0.0006,1.0,2.2607
轉製,2,0.0006,1.0,2.2607
乾式,2,0.0006,6.0,1.1725
轉置,2,0.0006,1.0,2.2607
高昂,2,0.0006,2.0,1.9085
值入,2,0.0006,2.0,1.9085
做好,2,0.0006,3.0,1.6586
基板,2,0.0006,11.0,0.7044
 斷,2,0.0006,3.0,1.6586
 定,2,0.0006,0.0,2.8627
轉化,2,0.0006,2.0,1.9085
雜質,2,0.0006,7.0,1.0565
追上,2,0.0006,1.0,2.2607
迫使,2,0.0006,2.0,1.9085
塑膠,2,0.0006,8.0,0.9542
轉印,2,0.0006,3.0,1.6586
固業,2,0.0006,2.0,1.9085
返回,2,0.0006,2.0,1.9085
迎合,2,0.0006,2.0,1.9085
報告,2,0.0006,8.0,0.9542
資料,2,0.0006,6.0,1.1725
轉型,2,0.0006,3.0,1.6586
倚賴,2,0.0006,1.0,2.2607
轉成,2,0.0006,3.0,1.6586
主流,2,0.0006,4.0,1.4648
站別,1,0.0003,1.0,1.1303
拉斷,1,0.0003,1.0,1.1303
等方,1,0.0003,4.0,0.7324
拉成,1,0.0003,2.0,0.9542
組分,1,0.0003,1.0,1.1303
預熱,1,0.0003,4.0,0.7324
組織,1,0.0003,2.0,0.9542
預見,1,0.0003,1.0,1.1303
結構圖,1,0.0003,2.0,0.9542
競 ,1,0.0003,1.0,1.1303
來源,1,0.0003,5.0,0.6532
競爭力,1,0.0003,2.0,0.9542
經援,1,0.0003,2.0,0.9542
來自,1,0.0003,2.0,0.9542
競賽,1,0.0003,1.0,1.1303
領導,1,0.0003,2.0,0.9542
來作,1,0.0003,2.0,0.9542
頭尾,1,0.0003,7.0,0.5283
統計,1,0.0003,4.0,0.7324
預見,1,0.0003,1.0,1.1303
第一,1,0.0003,14.0,0.2553
冷凝後分離,1,0.0003,1.0,1.1303
第三,1,0.0003,5.0,0.6532
第八,1,0.0003,1.0,1.1303
絕緣層,1,0.0003,4.0,0.7324
預示,1,0.0003,1.0,1.1303
經濟部,1,0.0003,2.0,0.9542
經濟部技術處,1,0.0003,2.0,0.9542
額外,1,0.0003,3.0,0.8293
顧客,1,0.0003,4.0,0.7324
預知,1,0.0003,2.0,0.9542
拉製,1,0.0003,1.0,1.1303
顯 ,1,0.0003,0.0,1.4314
競爭力,1,0.0003,3.0,0.8293
樂觀,1,0.0003,1.0,1.1303
顯示出,1,0.0003,1.0,1.1303
更達,1,0.0003,1.0,1.1303
體線,1,0.0003,1.0,1.1303
鹼金屬,1,0.0003,1.0,1.1303
鹽酸化,1,0.0003,1.0,1.1303
黃光定義,1,0.0003,3.0,0.8293
鼓風機,1,0.0003,1.0,1.1303
簡易,1,0.0003,3.0,0.8293
更低,1,0.0003,1.0,1.1303
更先進,1,0.0003,1.0,1.1303
簡述為,1,0.0003,1.0,1.1303
體材料,1,0.0003,2.0,0.9542
體成,1,0.0003,9.0,0.4314
驚訝,1,0.0003,1.0,1.1303
約數,1,0.0003,2.0,0.9542
更多,1,0.0003,1.0,1.1303
簡述,1,0.0003,2.0,0.9542
籌建,1,0.0003,1.0,1.1303
粉屑,1,0.0003,1.0,1.1303
體量,1,0.0003,1.0,1.1303
高微,1,0.0003,1.0,1.1303
粗細,1,0.0003,1.0,1.1303
高純度,1,0.0003,3.0,0.8293
高濃度,1,0.0003,3.0,0.8293
高漲,1,0.0003,1.0,1.1303
高調,1,0.0003,1.0,1.1303
高階,1,0.0003,4.0,0.7324
鬆緊,1,0.0003,1.0,1.1303
高位,1,0.0003,1.0,1.1303
高峰,1,0.0003,1.0,1.1303
高含,1,0.0003,1.0,1.1303
高出,1,0.0003,1.0,1.1303
精度,1,0.0003,2.0,0.9542
粗度,1,0.0003,1.0,1.1303
鰭式,1,0.0003,1.0,1.1303
更有,1,0.0003,2.0,0.9542
簡要,1,0.0003,2.0,0.9542
終止,1,0.0003,1.0,1.1303
更遠,1,0.0003,1.0,1.1303
飆高,1,0.0003,1.0,1.1303
拉升,1,0.0003,2.0,0.9542
飄移,1,0.0003,1.0,1.1303
管銷費,1,0.0003,1.0,1.1303
管理,1,0.0003,6.0,0.5863
管制中心,1,0.0003,1.0,1.1303
拉引,1,0.0003,1.0,1.1303
拉引成,1,0.0003,1.0,1.1303
等級,1,0.0003,4.0,0.7324
細密,1,0.0003,1.0,1.1303
風量,1,0.0003,1.0,1.1303
風車,1,0.0003,1.0,1.1303
顯而易見,1,0.0003,1.0,1.1303
等於,1,0.0003,1.0,1.1303
細菌,1,0.0003,1.0,1.1303
節節,1,0.0003,1.0,1.1303
節能,1,0.0003,1.0,1.1303
飛快,1,0.0003,1.0,1.1303
純酸,1,0.0003,1.0,1.1303
更精,1,0.0003,1.0,1.1303
簡稱為,1,0.0003,1.0,1.1303
滑落,1,0.0003,1.0,1.1303
驅使,1,0.0003,2.0,0.9542
純淨,1,0.0003,2.0,0.9542
金山,1,0.0003,1.0,1.1303
純鹼,1,0.0003,1.0,1.1303
篩選,1,0.0003,3.0,0.8293
金線,1,0.0003,2.0,0.9542
樂於,1,0.0003,1.0,1.1303
駕駛,1,0.0003,2.0,0.9542
養化,1,0.0003,1.0,1.1303
落實,1,0.0003,1.0,1.1303
簡便,1,0.0003,1.0,1.1303
突進,1,0.0003,1.0,1.1303
不甚理,1,0.0003,1.0,1.1303
牢靠,1,0.0003,1.0,1.1303
利率,1,0.0003,2.0,0.9542
料機,1,0.0003,2.0,0.9542
流出,1,0.0003,1.0,1.1303
流動,1,0.0003,1.0,1.1303
流向,1,0.0003,1.0,1.1303
瞄準,1,0.0003,1.0,1.1303
流回,1,0.0003,1.0,1.1303
眾多,1,0.0003,2.0,0.9542
流式,1,0.0003,1.0,1.1303
流程圖,1,0.0003,4.0,0.7324
流體,1,0.0003,2.0,0.9542
看完,1,0.0003,1.0,1.1303
類為,1,0.0003,2.0,0.9542
省電,1,0.0003,1.0,1.1303
類表,1,0.0003,1.0,1.1303
輪磨,1,0.0003,2.0,0.9542
相連,1,0.0003,2.0,0.9542
相隔,1,0.0003,1.0,1.1303
利息,1,0.0003,1.0,1.1303
相關係數,1,0.0003,1.0,1.1303
相間,1,0.0003,1.0,1.1303
利用人力,1,0.0003,2.0,0.9542
相連接,1,0.0003,1.0,1.1303
相連,1,0.0003,2.0,0.9542
矚目,1,0.0003,1.0,1.1303
知名,1,0.0003,1.0,1.1303
知識,1,0.0003,2.0,0.9542
矽層,1,0.0003,7.0,0.5283
領班,1,0.0003,1.0,1.1303
矽湯,1,0.0003,1.0,1.1303
矽晶石,1,0.0003,2.0,0.9542
例成,1,0.0003,1.0,1.1303
矽晶圓片,1,0.0003,2.0,0.9542
例遠,1,0.0003,1.0,1.1303
矽晶圓,1,0.0003,11.0,0.3522
了一半,1,0.0003,1.0,1.1303
了前,1,0.0003,1.0,1.1303
了差異化,1,0.0003,1.0,1.1303
矽多,1,0.0003,2.0,0.9542
了精細,1,0.0003,1.0,1.1303
了業界,1,0.0003,1.0,1.1303
了確,1,0.0003,1.0,1.1303
矽化物,1,0.0003,3.0,0.8293
了確保,1,0.0003,1.0,1.1303
石灰石,1,0.0003,1.0,1.1303
石灰,1,0.0003,2.0,0.9542
短長,1,0.0003,1.0,1.1303
短缺,1,0.0003,1.0,1.1303
了足,1,0.0003,1.0,1.1303
了更高,1,0.0003,1.0,1.1303
相近,1,0.0003,1.0,1.1303
利益,1,0.0003,1.0,1.1303
漏油,1,0.0003,1.0,1.1303
相輔相成,1,0.0003,1.0,1.1303
盡量,1,0.0003,3.0,0.8293
盛裝,1,0.0003,1.0,1.1303
盛有,1,0.0003,1.0,1.1303
益顯著,1,0.0003,1.0,1.1303
百道,1,0.0003,5.0,0.6532
百計,1,0.0003,1.0,1.1303
暴雨式,1,0.0003,1.0,1.1303
行 ,1,0.0003,4.0,0.7324
發行,1,0.0003,1.0,1.1303
行銷,1,0.0003,1.0,1.1303
發轉出,1,0.0003,1.0,1.1303
發貨,1,0.0003,1.0,1.1303
行預熱,1,0.0003,1.0,1.1303
見下,1,0.0003,1.0,1.1303
見有機,1,0.0003,1.0,1.1303
發揮到,1,0.0003,1.0,1.1303
精味,1,0.0003,1.0,1.1303
精確,1,0.0003,1.0,1.1303
精度,1,0.0003,1.0,1.1303
逸 出,1,0.0003,0.0,1.4314
發光,1,0.0003,3.0,0.8293
逸散,1,0.0003,2.0,0.9542
疏解,1,0.0003,1.0,1.1303
切換,1,0.0003,1.0,1.1303
切屑,1,0.0003,2.0,0.9542
切割完,1,0.0003,3.0,0.8293
離子源,1,0.0003,3.0,0.8293
易吸,1,0.0003,1.0,1.1303
相當量,1,0.0003,1.0,1.1303
相當於,1,0.0003,2.0,0.9542
易崩裂,1,0.0003,1.0,1.1303
相燒結,1,0.0003,1.0,1.1303
易成,1,0.0003,1.0,1.1303
相平衡,1,0.0003,1.0,1.1303
相差,1,0.0003,1.0,1.1303
易溶,1,0.0003,1.0,1.1303
易精確,1,0.0003,1.0,1.1303
相容,1,0.0003,1.0,1.1303
監控,1,0.0003,4.0,0.7324
臨界,1,0.0003,1.0,1.1303
相中,1,0.0003,5.0,0.6532
相一致,1,0.0003,3.0,0.8293
相 ,1,0.0003,2.0,0.9542
刺激,1,0.0003,1.0,1.1303
刺激半導體,1,0.0003,1.0,1.1303
監造,1,0.0003,1.0,1.1303
監測記錄,1,0.0003,1.0,1.1303
切出,1,0.0003,1.0,1.1303
監測,1,0.0003,2.0,0.9542
領導,1,0.0003,1.0,1.1303
矽電,1,0.0003,1.0,1.1303
研提,1,0.0003,1.0,1.1303
零差排成長,1,0.0003,1.0,1.1303
種回,1,0.0003,2.0,0.9542
程度,1,0.0003,3.0,0.8293
不方便,1,0.0003,1.0,1.1303
不會,1,0.0003,5.0,0.6532
不殘餘,1,0.0003,1.0,1.1303
程 序,1,0.0003,1.0,1.1303
不清楚,1,0.0003,1.0,1.1303
不燃,1,0.0003,1.0,1.1303
程 ,1,0.0003,8.0,0.4771
稀釋掉,1,0.0003,1.0,1.1303
不當,1,0.0003,1.0,1.1303
不盡相同,1,0.0003,2.0,0.9542
不相同,1,0.0003,3.0,0.8293
不竭,1,0.0003,1.0,1.1303
不能,1,0.0003,3.0,0.8293
移至,1,0.0003,2.0,0.9542
移向,1,0.0003,1.0,1.1303
不輸,1,0.0003,1.0,1.1303
秉承,1,0.0003,1.0,1.1303
不過,1,0.0003,2.0,0.9542
不銹,1,0.0003,1.0,1.1303
不論,1,0.0003,1.0,1.1303
不列入,1,0.0003,1.0,1.1303
不整,1,0.0003,1.0,1.1303
不平,1,0.0003,1.0,1.1303
不宜,1,0.0003,1.0,1.1303
不上,1,0.0003,1.0,1.1303
率降低,1,0.0003,1.0,1.1303
穿越,1,0.0003,2.0,0.9542
異性,1,0.0003,2.0,0.9542
空管,1,0.0003,1.0,1.1303
空泵,1,0.0003,1.0,1.1303
復甦,1,0.0003,1.0,1.1303
不 ,1,0.0003,2.0,0.9542
不 斷地,1,0.0003,0.0,1.4314
不一,1,0.0003,4.0,0.7324
不一致,1,0.0003,3.0,0.8293
不予,1,0.0003,1.0,1.1303
種類,1,0.0003,4.0,0.7324
不到,1,0.0003,3.0,0.8293
穩坐,1,0.0003,1.0,1.1303
不可見,1,0.0003,1.0,1.1303
不同於,1,0.0003,3.0,0.8293
不外乎,1,0.0003,1.0,1.1303
積為,1,0.0003,1.0,1.1303
稱線寬,1,0.0003,1.0,1.1303
不好,1,0.0003,1.0,1.1303
不完善,1,0.0003,1.0,1.1303
不定,1,0.0003,1.0,1.1303
示意,1,0.0003,6.0,0.5863
不令人訝異,1,0.0003,1.0,1.1303
不易吸附,1,0.0003,1.0,1.1303
連接之用,1,0.0003,1.0,1.1303
濾器,1,0.0003,1.0,1.1303
濾紙,1,0.0003,1.0,1.1303
硬度,1,0.0003,2.0,0.9542
濾除,1,0.0003,1.0,1.1303
力 ,1,0.0003,2.0,0.9542
力球,1,0.0003,1.0,1.1303
力不同,1,0.0003,1.0,1.1303
硬烤,1,0.0003,3.0,0.8293
聯合國,1,0.0003,1.0,1.1303
連成,1,0.0003,1.0,1.1303
破裂,1,0.0003,3.0,0.8293
量不大,1,0.0003,1.0,1.1303
破碎,1,0.0003,1.0,1.1303
破滅,1,0.0003,1.0,1.1303
連續化,1,0.0003,1.0,1.1303
破損片,1,0.0003,1.0,1.1303
列示,1,0.0003,1.0,1.1303
破損晶,1,0.0003,1.0,1.1303
念來,1,0.0003,1.0,1.1303
研磨頭,1,0.0003,2.0,0.9542
研磨成,1,0.0003,2.0,0.9542
研磨劑,1,0.0003,3.0,0.8293
碎屑,1,0.0003,3.0,0.8293
量毛,1,0.0003,1.0,1.1303
不易建立,1,0.0003,1.0,1.1303
省回,1,0.0003,1.0,1.1303
不易滋生,1,0.0003,1.0,1.1303
磨粒,1,0.0003,1.0,1.1303
不見得成,1,0.0003,1.0,1.1303
磨薄,1,0.0003,1.0,1.1303
數量,1,0.0003,5.0,0.6532
參照,1,0.0003,2.0,0.9542
磨擦,1,0.0003,3.0,0.8293
磨損,1,0.0003,3.0,0.8293
參考依循,1,0.0003,1.0,1.1303
參數,1,0.0003,5.0,0.6532
說明其,1,0.0003,1.0,1.1303
碰損,1,0.0003,1.0,1.1303
說明書,1,0.0003,1.0,1.1303
說服其  他,1,0.0003,0.0,1.4314
殺手級,1,0.0003,1.0,1.1303
兩位,1,0.0003,1.0,1.1303
磁場,1,0.0003,1.0,1.1303
兩相,1,0.0003,1.0,1.1303
兩端切出,1,0.0003,1.0,1.1303
兩年,1,0.0003,1.0,1.1303
碳為,1,0.0003,1.0,1.1303
量人力,1,0.0003,1.0,1.1303
經費,1,0.0003,2.0,0.9542
難關,1,0.0003,1.0,1.1303
經歷了,1,0.0003,1.0,1.1303
進化,1,0.0003,1.0,1.1303
通稱為,1,0.0003,2.0,0.9542
通道,1,0.0003,1.0,1.1303
速率,1,0.0003,4.0,0.7324
複合,1,0.0003,3.0,0.8293
製造為,1,0.0003,1.0,1.1303
連絡,1,0.0003,1.0,1.1303
製造到,1,0.0003,1.0,1.1303
進 ,1,0.0003,4.0,0.7324
進一步,1,0.0003,7.0,0.5283
製程所,1,0.0003,7.0,0.5283
進程,1,0.0003,1.0,1.1303
逐年,1,0.0003,1.0,1.1303
製定到,1,0.0003,1.0,1.1303
製化,1,0.0003,2.0,0.9542
進流水,1,0.0003,1.0,1.1303
運營,1,0.0003,1.0,1.1303
製作出,1,0.0003,1.0,1.1303
運算,1,0.0003,7.0,0.5283
運籌,1,0.0003,2.0,0.9542
運至,1,0.0003,1.0,1.1303
裝進,1,0.0003,1.0,1.1303
裝設,1,0.0003,1.0,1.1303
褐 ,1,0.0003,1.0,1.1303
要用,1,0.0003,7.0,0.5283
配管,1,0.0003,1.0,1.1303
視覺,1,0.0003,4.0,0.7324
轉移給,1,0.0003,1.0,1.1303
解離,1,0.0003,1.0,1.1303
解離,1,0.0003,3.0,0.8293
轉給,1,0.0003,1.0,1.1303
轉變成,1,0.0003,1.0,1.1303
轉運,1,0.0003,1.0,1.1303
辛苦,1,0.0003,1.0,1.1303
迎來,1,0.0003,2.0,0.9542
解來,1,0.0003,1.0,1.1303
觀察到,1,0.0003,1.0,1.1303
規模化,1,0.0003,1.0,1.1303
逐片切割而得,1,0.0003,1.0,1.1303
退回,1,0.0003,1.0,1.1303
退居,1,0.0003,1.0,1.1303
退貨,1,0.0003,1.0,1.1303
規劃為,1,0.0003,1.0,1.1303
送交,1,0.0003,1.0,1.1303
送來,1,0.0003,1.0,1.1303
規則,1,0.0003,1.0,1.1303
覆晶,1,0.0003,6.0,0.5863
透明,1,0.0003,1.0,1.1303
要點,1,0.0003,4.0,0.7324
裝有,1,0.0003,1.0,1.1303
裝入,1,0.0003,1.0,1.1303
補助,1,0.0003,1.0,1.1303
薄薄,1,0.0003,3.0,0.8293
處理業,1,0.0003,2.0,0.9542
處理場,1,0.0003,2.0,0.9542
遲滯,1,0.0003,2.0,0.9542
處理器,1,0.0003,3.0,0.8293
選 出,1,0.0003,0.0,1.4314
選出,1,0.0003,2.0,0.9542
選擇性,1,0.0003,3.0,0.8293
藉由,1,0.0003,17.0,0.1761
遺留下,1,0.0003,1.0,1.1303
藉助,1,0.0003,1.0,1.1303
薄片,1,0.0003,2.0,0.9542
補償,1,0.0003,1.0,1.1303
邀請,1,0.0003,1.0,1.1303
蒸餾塔,1,0.0003,1.0,1.1303
邁進,1,0.0003,2.0,0.9542
還原,1,0.0003,5.0,0.6532
蒸發罐,1,0.0003,1.0,1.1303
邏輯,1,0.0003,7.0,0.5283
配備,1,0.0003,1.0,1.1303
蒸汽,1,0.0003,1.0,1.1303
配成,1,0.0003,1.0,1.1303
配所,1,0.0003,1.0,1.1303
遲到,1,0.0003,1.0,1.1303
號召,1,0.0003,1.0,1.1303
遭遇,1,0.0003,1.0,1.1303
遭致,1,0.0003,1.0,1.1303
運達,1,0.0003,1.0,1.1303
運行,1,0.0003,1.0,1.1303
被動,1,0.0003,3.0,0.8293
遍佈,1,0.0003,1.0,1.1303
過剩,1,0.0003,2.0,0.9542
表現出,1,0.0003,2.0,0.9542
表層,1,0.0003,4.0,0.7324
過小,1,0.0003,1.0,1.1303
過快,1,0.0003,1.0,1.1303
過期,1,0.0003,1.0,1.1303
衝擊,1,0.0003,3.0,0.8293
衍生,1,0.0003,1.0,1.1303
達事半功倍,1,0.0003,1.0,1.1303
達飽,1,0.0003,1.0,1.1303
螯合物,1,0.0003,1.0,1.1303
遞減,1,0.0003,1.0,1.1303
融熔,1,0.0003,1.0,1.1303
遠勝,1,0.0003,1.0,1.1303
遠距,1,0.0003,2.0,0.9542
蝕 ,1,0.0003,1.0,1.1303
適量,1,0.0003,1.0,1.1303
觸媒,1,0.0003,3.0,0.8293
轉移,1,0.0003,7.0,0.5283
觸媒更,1,0.0003,1.0,1.1303
諱言,1,0.0003,1.0,1.1303
走到,1,0.0003,1.0,1.1303
議到,1,0.0003,1.0,1.1303
當機,1,0.0003,1.0,1.1303
議價權,1,0.0003,1.0,1.1303
識別之用,1,0.0003,1.0,1.1303
走強,1,0.0003,1.0,1.1303
證明,1,0.0003,2.0,0.9542
起伏,1,0.0003,1.0,1.1303
起到,1,0.0003,1.0,1.1303
謀求,1,0.0003,1.0,1.1303
起燃,1,0.0003,1.0,1.1303
詳述,1,0.0003,1.0,1.1303
談好,1,0.0003,1.0,1.1303
起飛,1,0.0003,1.0,1.1303
超乎,1,0.0003,1.0,1.1303
調節,1,0.0003,2.0,0.9542
調漲,1,0.0003,1.0,1.1303
調查,1,0.0003,4.0,0.7324
超精密,1,0.0003,1.0,1.1303
誤法,1,0.0003,1.0,1.1303
越多,1,0.0003,6.0,0.5863
誤 ,1,0.0003,1.0,1.1303
贏得,1,0.0003,1.0,1.1303
購入,1,0.0003,1.0,1.1303
變大,1,0.0003,2.0,0.9542
購併,1,0.0003,1.0,1.1303
貯料,1,0.0003,1.0,1.1303
貼合,1,0.0003,2.0,0.9542
資料,1,0.0003,7.0,0.5283
資深,1,0.0003,2.0,0.9542
資源化,1,0.0003,1.0,1.1303
貯油槽,1,0.0003,1.0,1.1303
貯槽,1,0.0003,2.0,0.9542
貫穿,1,0.0003,1.0,1.1303
負面,1,0.0003,1.0,1.1303
負載,1,0.0003,2.0,0.9542
資金,1,0.0003,2.0,0.9542
資金面,1,0.0003,1.0,1.1303
負擔,1,0.0003,4.0,0.7324
負壓,1,0.0003,1.0,1.1303
負向,1,0.0003,1.0,1.1303
資料庫,1,0.0003,2.0,0.9542
變短,1,0.0003,1.0,1.1303
變異,1,0.0003,2.0,0.9542
質量,1,0.0003,3.0,0.8293
質量,1,0.0003,2.0,0.9542
變強,1,0.0003,1.0,1.1303
誘人,1,0.0003,1.0,1.1303
詳見,1,0.0003,1.0,1.1303
訂出,1,0.0003,1.0,1.1303
轉佳,1,0.0003,1.0,1.1303
輔 助,1,0.0003,0.0,1.4314
輕微,1,0.0003,1.0,1.1303
設立,1,0.0003,1.0,1.1303
設法,1,0.0003,2.0,0.9542
設有,1,0.0003,2.0,0.9542
設施,1,0.0003,3.0,0.8293
輕重,1,0.0003,1.0,1.1303
輕易,1,0.0003,3.0,0.8293
輸出入,1,0.0003,1.0,1.1303
轉上,1,0.0003,2.0,0.9542
轉入,1,0.0003,1.0,1.1303
趨向,1,0.0003,1.0,1.1303
記錄,1,0.0003,2.0,0.9542
記憶體,1,0.0003,7.0,0.5283
轉化為,1,0.0003,1.0,1.1303
轉向,1,0.0003,4.0,0.7324
轉型為,1,0.0003,1.0,1.1303
轉換為,1,0.0003,1.0,1.1303
計時,1,0.0003,2.0,0.9542
轉換程,1,0.0003,1.0,1.1303
轉盤,1,0.0003,2.0,0.9542
訂單,1,0.0003,7.0,0.5283
載明,1,0.0003,1.0,1.1303
載具,1,0.0003,2.0,0.9542
載入,1,0.0003,3.0,0.8293
較於,1,0.0003,3.0,0.8293
詳情,1,0.0003,2.0,0.9542
足以,1,0.0003,2.0,0.9542
試驗,1,0.0003,2.0,0.9542
足見,1,0.0003,1.0,1.1303
跟進,1,0.0003,1.0,1.1303
跟隨,1,0.0003,1.0,1.1303
試劑,1,0.0003,1.0,1.1303
跨出,1,0.0003,1.0,1.1303
詢問,1,0.0003,1.0,1.1303
跨國,1,0.0003,1.0,1.1303
跨越,1,0.0003,2.0,0.9542
踏勘,1,0.0003,1.0,1.1303
評 ,1,0.0003,1.0,1.1303
踐行,1,0.0003,1.0,1.1303
許可,1,0.0003,1.0,1.1303
身為,1,0.0003,1.0,1.1303
設計為,1,0.0003,1.0,1.1303
軟烤,1,0.0003,4.0,0.7324
軟體,1,0.0003,6.0,0.5863
設計業,1,0.0003,2.0,0.9542
較少,1,0.0003,3.0,0.8293
配方,1,0.0003,1.0,1.1303
配置,1,0.0003,5.0,0.6532
預判,1,0.0003,1.0,1.1303
集團,1,0.0003,4.0,0.7324
隔絕,1,0.0003,1.0,1.1303
隔離,1,0.0003,1.0,1.1303
翻製出,1,0.0003,1.0,1.1303
隨底,1,0.0003,1.0,1.1303
翻砂,1,0.0003,1.0,1.1303
翻倍,1,0.0003,1.0,1.1303
險峻,1,0.0003,1.0,1.1303
集合,1,0.0003,3.0,0.8293
翁 文,1,0.0003,1.0,1.1303
群聚,1,0.0003,2.0,0.9542
美金,1,0.0003,1.0,1.1303
限於,1,0.0003,2.0,0.9542
集塵機,1,0.0003,1.0,1.1303
雙回路,1,0.0003,1.0,1.1303
美股,1,0.0003,1.0,1.1303
美國,1,0.0003,6.0,0.5863
難以,1,0.0003,4.0,0.7324
難免,1,0.0003,1.0,1.1303
難用,1,0.0003,1.0,1.1303
費用,1,0.0003,4.0,0.7324
電場,1,0.0003,1.0,1.1303
電壓,1,0.0003,8.0,0.4771
除效,1,0.0003,1.0,1.1303
降級,1,0.0003,1.0,1.1303
配角,1,0.0003,1.0,1.1303
闡述,1,0.0003,1.0,1.1303
閘極,1,0.0003,3.0,0.8293
聘請,1,0.0003,1.0,1.1303
聘用,1,0.0003,1.0,1.1303
聘任,1,0.0003,1.0,1.1303
關停,1,0.0003,1.0,1.1303
關心,1,0.0003,1.0,1.1303
關聯,1,0.0003,2.0,0.9542
聊天,1,0.0003,1.0,1.1303
關鍵,1,0.0003,20.0,0.1091
耗費,1,0.0003,1.0,1.1303
防治,1,0.0003,3.0,0.8293
降溫,1,0.0003,1.0,1.1303
防潮,1,0.0003,1.0,1.1303
耕耘,1,0.0003,1.0,1.1303
耐蝕,1,0.0003,1.0,1.1303
耐火板,1,0.0003,1.0,1.1303
防爆,1,0.0003,1.0,1.1303
而成,1,0.0003,5.0,0.6532
阻抗,1,0.0003,1.0,1.1303
阻擋,1,0.0003,1.0,1.1303
附著,1,0.0003,6.0,0.5863
降到,1,0.0003,1.0,1.1303
電層,1,0.0003,7.0,0.5283
電性,1,0.0003,14.0,0.2553
缺席,1,0.0003,1.0,1.1303
緊跟,1,0.0003,1.0,1.1303
編輯,1,0.0003,2.0,0.9542
編寫,1,0.0003,1.0,1.1303
靈敏度,1,0.0003,1.0,1.1303
靜置,1,0.0003,1.0,1.1303
靜電,1,0.0003,1.0,1.1303
面積,1,0.0003,10.0,0.39
線鋸機,1,0.0003,1.0,1.1303
線用,1,0.0003,1.0,1.1303
響待,1,0.0003,3.0,0.8293
線寬,1,0.0003,11.0,0.3522
響應,1,0.0003,1.0,1.1303
電斷,1,0.0003,1.0,1.1303
緊急,1,0.0003,1.0,1.1303
項目,1,0.0003,9.0,0.4314
順天應人,1,0.0003,1.0,1.1303
順暢,1,0.0003,1.0,1.1303
順理,1,0.0003,1.0,1.1303
維艱,1,0.0003,1.0,1.1303
順利,1,0.0003,2.0,0.9542
須要,1,0.0003,5.0,0.6532
預備,1,0.0003,3.0,0.8293
維繫,1,0.0003,1.0,1.1303
編列,1,0.0003,1.0,1.1303
靈便,1,0.0003,1.0,1.1303
緩緩,1,0.0003,2.0,0.9542
露出,1,0.0003,1.0,1.1303
電池,1,0.0003,1.0,1.1303
缺口,1,0.0003,1.0,1.1303
繪製,1,0.0003,1.0,1.1303
電競,1,0.0003,1.0,1.1303
繞射,1,0.0003,4.0,0.7324
電視,1,0.0003,2.0,0.9542
電鍍,1,0.0003,8.0,0.4771
電鍍區,1,0.0003,2.0,0.9542
繁雜,1,0.0003,1.0,1.1303
繁殖,1,0.0003,1.0,1.1303
繁榮,1,0.0003,1.0,1.1303
總量,1,0.0003,1.0,1.1303
縱深分佈,1,0.0003,1.0,1.1303
電路相連接,1,0.0003,2.0,0.9542
縮水,1,0.0003,1.0,1.1303
電流,1,0.0003,4.0,0.7324
縮小化,1,0.0003,2.0,0.9542
需用,1,0.0003,3.0,0.8293
縮到,1,0.0003,1.0,1.1303
緩解,1,0.0003,1.0,1.1303
緩衝罐,1,0.0003,1.0,1.1303
閒置,1,0.0003,1.0,1.1303
開關,1,0.0003,2.0,0.9542
聚氟,1,0.0003,1.0,1.1303
釐清,1,0.0003,1.0,1.1303
致勝,1,0.0003,1.0,1.1303
致力,1,0.0003,1.0,1.1303
重重,1,0.0003,1.0,1.1303
重點,1,0.0003,5.0,0.6532
重金屬,1,0.0003,2.0,0.9542
重力,1,0.0003,2.0,0.9542
量產,1,0.0003,6.0,0.5863
釐定,1,0.0003,1.0,1.1303
自給,1,0.0003,2.0,0.9542
自由,1,0.0003,5.0,0.6532
自燃性,1,0.0003,1.0,1.1303
銅導線,1,0.0003,3.0,0.8293
金氧,1,0.0003,1.0,1.1303
自燃,1,0.0003,2.0,0.9542
自源,1,0.0003,1.0,1.1303
自有,1,0.0003,1.0,1.1303
自於,1,0.0003,6.0,0.5863
金線,1,0.0003,1.0,1.1303
鈣污,1,0.0003,1.0,1.1303
自制化,1,0.0003,1.0,1.1303
自制,1,0.0003,1.0,1.1303
自主權,1,0.0003,1.0,1.1303
重現,1,0.0003,1.0,1.1303
重獲,1,0.0003,1.0,1.1303
重成分,1,0.0003,1.0,1.1303
重合,1,0.0003,1.0,1.1303
著重於,1,0.0003,2.0,0.9542
著重,1,0.0003,2.0,0.9542
酵母,1,0.0003,1.0,1.1303
酸 ,1,0.0003,1.0,1.1303
萬計,1,0.0003,1.0,1.1303
酸定量,1,0.0003,1.0,1.1303
萌芽,1,0.0003,2.0,0.9542
酸性,1,0.0003,4.0,0.7324
酸氣,1,0.0003,2.0,0.9542
萃入,1,0.0003,1.0,1.1303
酸蝕,1,0.0003,1.0,1.1303
英特爾,1,0.0003,3.0,0.8293
苦尋,1,0.0003,1.0,1.1303
釋放,1,0.0003,1.0,1.1303
花架,1,0.0003,1.0,1.1303
花大,1,0.0003,1.0,1.1303
良率,1,0.0003,9.0,0.4314
舉足,1,0.0003,1.0,1.1303
舉證,1,0.0003,1.0,1.1303
舉步,1,0.0003,1.0,1.1303
重佈,1,0.0003,1.0,1.1303
自主,1,0.0003,2.0,0.9542
銅鍍層,1,0.0003,1.0,1.1303
開花,1,0.0003,1.0,1.1303
股份有限公司,1,0.0003,4.0,0.7324
長出來,1,0.0003,1.0,1.1303
長完,1,0.0003,5.0,0.6532
能力,1,0.0003,8.0,0.4771
背面,1,0.0003,3.0,0.8293
長晶,1,0.0003,7.0,0.5283
長晶法,1,0.0003,2.0,0.9542
肥料,1,0.0003,1.0,1.1303
長晶爐,1,0.0003,1.0,1.1303
肥瘦,1,0.0003,1.0,1.1303
長極,1,0.0003,1.0,1.1303
長烷,1,0.0003,1.0,1.1303
膳雜,1,0.0003,1.0,1.1303
長短,1,0.0003,1.0,1.1303
長達,1,0.0003,1.0,1.1303
開出,1,0.0003,1.0,1.1303
聯結,1,0.0003,1.0,1.1303
開回,1,0.0003,1.0,1.1303
聚集,1,0.0003,1.0,1.1303
開有,1,0.0003,1.0,1.1303
開模,1,0.0003,1.0,1.1303
開發出,1,0.0003,2.0,0.9542
開盒,1,0.0003,1.0,1.1303
鑲理,1,0.0003,1.0,1.1303
鑲埋,1,0.0003,1.0,1.1303
鑄造,1,0.0003,2.0,0.9542
脫脂,1,0.0003,2.0,0.9542
銳利,1,0.0003,2.0,0.9542
鋁墊線路,1,0.0003,1.0,1.1303
膠羽,1,0.0003,1.0,1.1303
鋸出,1,0.0003,1.0,1.1303
膠晶,1,0.0003,1.0,1.1303
鋸切,1,0.0003,1.0,1.1303
膠帶,1,0.0003,5.0,0.6532
膜袋口,1,0.0003,1.0,1.1303
腳架,1,0.0003,3.0,0.8293
錫 ,1,0.0003,1.0,1.1303
錯合,1,0.0003,1.0,1.1303
腳數,1,0.0003,1.0,1.1303
錯過,1,0.0003,1.0,1.1303
腐蝕性,1,0.0003,5.0,0.6532
鍛造,1,0.0003,1.0,1.1303
鍵結,1,0.0003,2.0,0.9542
脫落,1,0.0003,1.0,1.1303
鍾情,1,0.0003,1.0,1.1303
鏡片組,1,0.0003,1.0,1.1303
鐵渣,1,0.0003,1.0,1.1303
鐵鎳,1,0.0003,1.0,1.1303
走勢,1,0.0003,1.0,1.1303
    一,1,0.0003,0.0,1.4314
當成,1,0.0003,3.0,0.8293
全自動,1,0.0003,2.0,0.9542
公開,1,0.0003,1.0,1.1303
共享,1,0.0003,1.0,1.1303
共有,1,0.0003,2.0,0.9542
共沸,1,0.0003,1.0,1.1303
共計,1,0.0003,1.0,1.1303
共通,1,0.0003,3.0,0.8293
共通點,1,0.0003,1.0,1.1303
其下,1,0.0003,1.0,1.1303
其分離,1,0.0003,1.0,1.1303
具體意見,1,0.0003,1.0,1.1303
兼任,1,0.0003,1.0,1.1303
冀望,1,0.0003,1.0,1.1303
冗餘,1,0.0003,1.0,1.1303
冶煉級,1,0.0003,2.0,0.9542
凍去,1,0.0003,1.0,1.1303
全面性,1,0.0003,2.0,0.9542
全程,1,0.0003,4.0,0.7324
凝結成,1,0.0003,1.0,1.1303
全新,1,0.0003,2.0,0.9542
先發,1,0.0003,1.0,1.1303
先行,1,0.0003,3.0,0.8293
光刻,1,0.0003,2.0,0.9542
光化學,1,0.0003,2.0,0.9542
光現,1,0.0003,1.0,1.1303
光阻液,1,0.0003,2.0,0.9542
光滑,1,0.0003,2.0,0.9542
光亮,1,0.0003,1.0,1.1303
免費,1,0.0003,1.0,1.1303
入具,1,0.0003,2.0,0.9542
入接,1,0.0003,4.0,0.7324
內存,1,0.0003,1.0,1.1303
內建,1,0.0003,1.0,1.1303
內徑,1,0.0003,4.0,0.7324
內數,1,0.0003,1.0,1.1303
凝成,1,0.0003,1.0,1.1303
凸塊,1,0.0003,6.0,0.5863
充足,1,0.0003,1.0,1.1303
分流,1,0.0003,2.0,0.9542
分離容易,1,0.0003,1.0,1.1303
切削,1,0.0003,1.0,1.1303
切割出,1,0.0003,2.0,0.9542
切割成,1,0.0003,3.0,0.8293
切掉,1,0.0003,1.0,1.1303
切換,1,0.0003,2.0,0.9542
切片,1,0.0003,7.0,0.5283
列出,1,0.0003,1.0,1.1303
列舉,1,0.0003,1.0,1.1303
刨削,1,0.0003,1.0,1.1303
利好,1,0.0003,1.0,1.1303
利於,1,0.0003,2.0,0.9542
刪除,1,0.0003,1.0,1.1303
刮傷,1,0.0003,2.0,0.9542
刮除,1,0.0003,1.0,1.1303
分離出所欲,1,0.0003,1.0,1.1303
分配定,1,0.0003,1.0,1.1303
出口,1,0.0003,2.0,0.9542
分選出,1,0.0003,1.0,1.1303
出單,1,0.0003,3.0,0.8293
出廠,1,0.0003,4.0,0.7324
出版,1,0.0003,2.0,0.9542
出自,1,0.0003,2.0,0.9542
出門,1,0.0003,1.0,1.1303
出電性,1,0.0003,4.0,0.7324
出流,1,0.0003,1.0,1.1303
分入,1,0.0003,1.0,1.1303
分出,1,0.0003,1.0,1.1303
分寄,1,0.0003,1.0,1.1303
分居,1,0.0003,1.0,1.1303
分展,1,0.0003,1.0,1.1303
分式,1,0.0003,1.0,1.1303
分攤,1,0.0003,1.0,1.1303
分段,1,0.0003,1.0,1.1303
先出,1,0.0003,1.0,1.1303
充滿,1,0.0003,1.0,1.1303
亦即,1,0.0003,3.0,0.8293
低停機,1,0.0003,1.0,1.1303
低廉,1,0.0003,1.0,1.1303
低濃度區,1,0.0003,1.0,1.1303
低調,1,0.0003,1.0,1.1303
低重,1,0.0003,1.0,1.1303
佔下,1,0.0003,1.0,1.1303
何謂,1,0.0003,1.0,1.1303
作電,1,0.0003,8.0,0.4771
佳化,1,0.0003,5.0,0.6532
使其,1,0.0003,9.0,0.4314
來自於,1,0.0003,1.0,1.1303
供需,1,0.0003,3.0,0.8293
依待,1,0.0003,3.0,0.8293
依循,1,0.0003,3.0,0.8293
依沸點不同,1,0.0003,1.0,1.1303
侵入,1,0.0003,3.0,0.8293
低價,1,0.0003,2.0,0.9542
低 於,1,0.0003,0.0,1.4314
侷限性,1,0.0003,1.0,1.1303
位在,1,0.0003,2.0,0.9542
享有,1,0.0003,1.0,1.1303
亮麗,1,0.0003,1.0,1.1303
今日,1,0.0003,2.0,0.9542
介入,1,0.0003,2.0,0.9542
介面,1,0.0003,8.0,0.4771
仔細,1,0.0003,1.0,1.1303
付清,1,0.0003,1.0,1.1303
代 ,1,0.0003,2.0,0.9542
代碼,1,0.0003,1.0,1.1303
代理,1,0.0003,2.0,0.9542
以利,1,0.0003,5.0,0.6532
估算,1,0.0003,2.0,0.9542
佈機,1,0.0003,2.0,0.9542
佈滿,1,0.0003,1.0,1.1303
佈置,1,0.0003,1.0,1.1303
侵蝕,1,0.0003,2.0,0.9542
係數,1,0.0003,3.0,0.8293
允收,1,0.0003,3.0,0.8293
偵測,1,0.0003,4.0,0.7324
偷溜,1,0.0003,1.0,1.1303
備以,1,0.0003,2.0,0.9542
備註,1,0.0003,1.0,1.1303
傳入,1,0.0003,1.0,1.1303
傳導,1,0.0003,1.0,1.1303
傷害,1,0.0003,4.0,0.7324
傷害到,1,0.0003,1.0,1.1303
傾斜,1,0.0003,1.0,1.1303
傾聽,1,0.0003,1.0,1.1303
僅次於,1,0.0003,1.0,1.1303
價值,1,0.0003,10.0,0.39
儀器,1,0.0003,5.0,0.6532
優惠,1,0.0003,1.0,1.1303
優良,1,0.0003,1.0,1.1303
優點為,1,0.0003,4.0,0.7324
偵測到,1,0.0003,1.0,1.1303
健康,1,0.0003,2.0,0.9542
保存,1,0.0003,2.0,0.9542
停產,1,0.0003,1.0,1.1303
保守,1,0.0003,1.0,1.1303
保有,1,0.0003,1.0,1.1303
信越,1,0.0003,1.0,1.1303
修復,1,0.0003,1.0,1.1303
修補機,1,0.0003,4.0,0.7324
修復,1,0.0003,4.0,0.7324
俱增,1,0.0003,2.0,0.9542
倍增,1,0.0003,3.0,0.8293
倍數,1,0.0003,1.0,1.1303
借助,1,0.0003,1.0,1.1303
假像,1,0.0003,1.0,1.1303
假設,1,0.0003,1.0,1.1303
偏高,1,0.0003,3.0,0.8293
做出,1,0.0003,3.0,0.8293
做為為,1,0.0003,1.0,1.1303
制定出,1,0.0003,1.0,1.1303
制於,1,0.0003,3.0,0.8293
制裁,1,0.0003,1.0,1.1303
品質,1,0.0003,14.0,0.2553
商用,1,0.0003,2.0,0.9542
問 ,1,0.0003,1.0,1.1303
喜好,1,0.0003,2.0,0.9542
單一,1,0.0003,9.0,0.4314
單到,1,0.0003,2.0,0.9542
單原子,1,0.0003,1.0,1.1303
單容器,1,0.0003,1.0,1.1303
單成分,1,0.0003,1.0,1.1303
單晶矽,1,0.0003,4.0,0.7324
單晶矽圓片,1,0.0003,1.0,1.1303
單獨,1,0.0003,4.0,0.7324
噴霧,1,0.0003,2.0,0.9542
嚴苛,1,0.0003,2.0,0.9542
回應,1,0.0003,3.0,0.8293
回暖,1,0.0003,1.0,1.1303
售予,1,0.0003,1.0,1.1303
品 ,1,0.0003,6.0,0.5863
回送,1,0.0003,1.0,1.1303
呼吸,1,0.0003,1.0,1.1303
合上,1,0.0003,3.0,0.8293
合大,1,0.0003,4.0,0.7324
合成,1,0.0003,5.0,0.6532
合於,1,0.0003,5.0,0.6532
合物,1,0.0003,11.0,0.3522
合計,1,0.0003,1.0,1.1303
合資,1,0.0003,3.0,0.8293
合理,1,0.0003,2.0,0.9542
吉無不利,1,0.0003,1.0,1.1303
吋廠,1,0.0003,3.0,0.8293
同步,1,0.0003,1.0,1.1303
否認,1,0.0003,1.0,1.1303
含氟,1,0.0003,2.0,0.9542
吸納,1,0.0003,1.0,1.1303
吸附法,1,0.0003,2.0,0.9542
回歸,1,0.0003,1.0,1.1303
回鍍,1,0.0003,1.0,1.1303
刻蝕,1,0.0003,1.0,1.1303
垃圾,1,0.0003,1.0,1.1303
執行到,1,0.0003,1.0,1.1303
培養,1,0.0003,1.0,1.1303
基石,1,0.0003,1.0,1.1303
堅定,1,0.0003,1.0,1.1303
堆疊,1,0.0003,1.0,1.1303
堆置,1,0.0003,1.0,1.1303
堝 ,1,0.0003,1.0,1.1303
堰板,1,0.0003,1.0,1.1303
報道,1,0.0003,1.0,1.1303
塊狀,1,0.0003,3.0,0.8293
塑膠管,1,0.0003,1.0,1.1303
塔底污,1,0.0003,1.0,1.1303
塗上,1,0.0003,1.0,1.1303
塞入,1,0.0003,1.0,1.1303
填充,1,0.0003,2.0,0.9542
型態,1,0.0003,7.0,0.5283
坩鍋,1,0.0003,5.0,0.6532
因子,1,0.0003,2.0,0.9542
均衡,1,0.0003,2.0,0.9542
困擾,1,0.0003,2.0,0.9542
固化劑,1,0.0003,1.0,1.1303
固定於,1,0.0003,6.0,0.5863
國內,1,0.0003,9.0,0.4314
國家,1,0.0003,4.0,0.7324
圓形,1,0.0003,4.0,0.7324
圓經,1,0.0003,6.0,0.5863
圓錐狀,1,0.0003,1.0,1.1303
圖形,1,0.0003,8.0,0.4771
圖法,1,0.0003,1.0,1.1303
在內,1,0.0003,2.0,0.9542
在地化,1,0.0003,1.0,1.1303
在膜,1,0.0003,1.0,1.1303
地處,1,0.0003,1.0,1.1303
均勻度,1,0.0003,6.0,0.5863
可靠,1,0.0003,10.0,0.39
可謂,1,0.0003,1.0,1.1303
可知,1,0.0003,1.0,1.1303
加料,1,0.0003,1.0,1.1303
動土,1,0.0003,1.0,1.1303
勝任,1,0.0003,1.0,1.1303
募集,1,0.0003,1.0,1.1303
勢在,1,0.0003,2.0,0.9542
勻度,1,0.0003,6.0,0.5863
包辦,1,0.0003,1.0,1.1303
化 ,1,0.0003,7.0,0.5283
化學式,1,0.0003,3.0,0.8293
化案,1,0.0003,1.0,1.1303
化為,1,0.0003,2.0,0.9542
區域,1,0.0003,11.0,0.3522
十餘,1,0.0003,1.0,1.1303
千轉,1,0.0003,1.0,1.1303
升至,1,0.0003,3.0,0.8293
升起,1,0.0003,1.0,1.1303
助益相形失 色,1,0.0003,0.0,1.4314
加高,1,0.0003,1.0,1.1303
可用,1,0.0003,6.0,0.5863
加載,1,0.0003,1.0,1.1303
削弱,1,0.0003,1.0,1.1303
削減,1,0.0003,1.0,1.1303
削用,1,0.0003,1.0,1.1303
前置,1,0.0003,2.0,0.9542
剩少,1,0.0003,1.0,1.1303
剪下來,1,0.0003,1.0,1.1303
剪切,1,0.0003,2.0,0.9542
創始,1,0.0003,1.0,1.1303
劃下,1,0.0003,1.0,1.1303
劇減,1,0.0003,1.0,1.1303
功耗,1,0.0003,1.0,1.1303
加倍,1,0.0003,1.0,1.1303
加劇,1,0.0003,1.0,1.1303
加壓,1,0.0003,2.0,0.9542
加掛,1,0.0003,1.0,1.1303
半 ,1,0.0003,2.0,0.9542
半  ,1,0.0003,0.0,1.4314
協萃,1,0.0003,1.0,1.1303
協調,1,0.0003,3.0,0.8293
反比,1,0.0003,2.0,0.9542
反覆,1,0.0003,2.0,0.9542
反面,1,0.0003,1.0,1.1303
取名為,1,0.0003,1.0,1.1303
取放,1,0.0003,2.0,0.9542
取而代,1,0.0003,2.0,0.9542
取自,1,0.0003,1.0,1.1303
受制,1,0.0003,2.0,0.9542
受惠於,1,0.0003,1.0,1.1303
受蝕,1,0.0003,2.0,0.9542
召回,1,0.0003,1.0,1.1303
可 ,1,0.0003,2.0,0.9542
可惜,1,0.0003,1.0,1.1303
可期,1,0.0003,1.0,1.1303
可燃,1,0.0003,2.0,0.9542
參數,1,0.0003,6.0,0.5863
去疵,1,0.0003,4.0,0.7324
原物,1,0.0003,3.0,0.8293
即時,1,0.0003,2.0,0.9542
協力,1,0.0003,1.0,1.1303
占有,1,0.0003,2.0,0.9542
印章,1,0.0003,1.0,1.1303
危險,1,0.0003,1.0,1.1303
即可,1,0.0003,9.0,0.4314
即成,1,0.0003,5.0,0.6532
即為,1,0.0003,5.0,0.6532
原成,1,0.0003,3.0,0.8293
厚度,1,0.0003,9.0,0.4314
厚度,1,0.0003,5.0,0.6532
原先,1,0.0003,2.0,0.9542
原則,1,0.0003,2.0,0.9542
原始,1,0.0003,1.0,1.1303
原子,1,0.0003,13.0,0.2852
享受,1,0.0003,1.0,1.1303
交給,1,0.0003,1.0,1.1303
填補,1,0.0003,1.0,1.1303
 等,1,0.0003,7.0,0.5283
 經,1,0.0003,4.0,0.7324
 緩,1,0.0003,0.0,1.4314
 膜,1,0.0003,2.0,0.9542
 色,1,0.0003,1.0,1.1303
 行,1,0.0003,1.0,1.1303
 衡,1,0.0003,0.0,1.4314
 計,1,0.0003,4.0,0.7324
 設,1,0.0003,3.0,0.8293
 試,1,0.0003,6.0,0.5863
 負電,1,0.0003,0.0,1.4314
 足,1,0.0003,0.0,1.4314
 進,1,0.0003,2.0,0.9542
 道,1,0.0003,1.0,1.1303
 邁 ,1,0.0003,1.0,1.1303
 重,1,0.0003,3.0,0.8293
 管路,1,0.0003,0.0,1.4314
 積,1,0.0003,7.0,0.5283
 體,1,0.0003,2.0,0.9542
 示,1,0.0003,0.0,1.4314
 段,1,0.0003,1.0,1.1303
 決,1,0.0003,2.0,0.9542
 法,1,0.0003,2.0,0.9542
 混,1,0.0003,1.0,1.1303
 烤,1,0.0003,0.0,1.4314
 燒,1,0.0003,0.0,1.4314
 營,1,0.0003,2.0,0.9542
 物,1,0.0003,3.0,0.8293
 理,1,0.0003,0.0,1.4314
 產,1,0.0003,9.0,0.4314
 甲苯,1,0.0003,1.0,1.1303
 目,1,0.0003,3.0,0.8293
 相,1,0.0003,4.0,0.7324
 矽,1,0.0003,5.0,0.6532
 研,1,0.0003,3.0,0.8293
 開,1,0.0003,3.0,0.8293
 冷,1,0.0003,1.0,1.1303
 止,1,0.0003,0.0,1.4314
1.3,1,0.0003,3.0,0.8293
1.72,1,0.0003,1.0,1.1303
10.0,1,0.0003,3.0,0.8293
1020,1,0.0003,1.0,1.1303
110.70,1,0.0003,1.0,1.1303
119,1,0.0003,1.0,1.1303
12,1,0.0003,19.0,0.1303
12 月,1,0.0003,2.0,0.9542
12.5,1,0.0003,1.0,1.1303
13.7,1,0.0003,1.0,1.1303
130,1,0.0003,3.0,0.8293
15,1,0.0003,11.0,0.3522
"15,000",1,0.0003,1.0,1.1303
1504,1,0.0003,1.0,1.1303
17.7,1,0.0003,2.0,0.9542
18.1,1,0.0003,1.0,1.1303
1.459,1,0.0003,1.0,1.1303
1.1,1,0.0003,4.0,0.7324
 參 ,1,0.0003,1.0,1.1303
"1,500",1,0.0003,1.0,1.1303
 留,1,0.0003,0.0,1.4314
 立,1,0.0003,0.0,1.4314
 切,1,0.0003,1.0,1.1303
 行,1,0.0003,2.0,0.9542
------,1,0.0003,2.0,0.9542
.3,1,0.0003,7.0,0.5283
0.10,1,0.0003,1.0,1.1303
0.23,1,0.0003,1.0,1.1303
0.35,1,0.0003,1.0,1.1303
0.5,1,0.0003,5.0,0.6532
0.924,1,0.0003,1.0,1.1303
0801,1,0.0003,1.0,1.1303
0899,1,0.0003,1.0,1.1303
0910,1,0.0003,1.0,1.1303
"1,000",1,0.0003,3.0,0.8293
 步,1,0.0003,2.0,0.9542
 構,1,0.0003,4.0,0.7324
交期長,1,0.0003,1.0,1.1303
  晶冠,1,0.0003,0.0,1.4314
  現,1,0.0003,1.0,1.1303
  程,1,0.0003,0.0,1.4314
  芳香,1,0.0003,0.0,1.4314
  表,1,0.0003,0.0,1.4314
  道,1,0.0003,0.0,1.4314
 1,1,0.0003,18.0,0.1526
 DIP,1,0.0003,2.0,0.9542
 IBM,1,0.0003,3.0,0.8293
 LCC,1,0.0003,2.0,0.9542
 OEM,1,0.0003,1.0,1.1303
 SOIC,1,0.0003,1.0,1.1303
 UMC,1,0.0003,1.0,1.1303
 WAX,1,0.0003,1.0,1.1303
 k 介,1,0.0003,1.0,1.1303
 下行,1,0.0003,1.0,1.1303
  漸復甦,1,0.0003,0.0,1.4314
  敏惠,1,0.0003,0.0,1.4314
 之為,1,0.0003,0.0,1.4314
  強,1,0.0003,0.0,1.4314
   COD,1,0.0003,0.0,1.4314
   一,1,0.0003,0.0,1.4314
   三,1,0.0003,0.0,1.4314
   本章,1,0.0003,0.0,1.4314
   致茂,1,0.0003,0.0,1.4314
   異,1,0.0003,0.0,1.4314
  ASTM,1,0.0003,0.0,1.4314
  QDR  ,1,0.0003,0.0,1.4314
  SEMI,1,0.0003,0.0,1.4314
  g,1,0.0003,0.0,1.4314
  公司,1,0.0003,0.0,1.4314
  出,1,0.0003,0.0,1.4314
  商,1,0.0003,0.0,1.4314
  始,1,0.0003,0.0,1.4314
  尾部,1,0.0003,0.0,1.4314
 之 ,1,0.0003,1.0,1.1303
 乾式,1,0.0003,0.0,1.4314
 昇,1,0.0003,0.0,1.4314
 型,1,0.0003,2.0,0.9542
 基,1,0.0003,3.0,0.8293
 夠,1,0.0003,1.0,1.1303
 子,1,0.0003,1.0,1.1303
 宜,1,0.0003,0.0,1.4314
 實,1,0.0003,3.0,0.8293
 對,1,0.0003,3.0,0.8293
 少,1,0.0003,0.0,1.4314
 峰,1,0.0003,0.0,1.4314
 度,1,0.0003,1.0,1.1303
 應,1,0.0003,7.0,0.5283
 成比例相符,1,0.0003,1.0,1.1303
 拌,1,0.0003,0.0,1.4314
 持,1,0.0003,2.0,0.9542
 掉,1,0.0003,0.0,1.4314
 斜,1,0.0003,1.0,1.1303
 域,1,0.0003,1.0,1.1303
 地,1,0.0003,0.0,1.4314
 介,1,0.0003,4.0,0.7324
 圓,1,0.0003,4.0,0.7324
 低,1,0.0003,0.0,1.4314
 來,1,0.0003,3.0,0.8293
 億,1,0.0003,3.0,0.8293
 共沸現象,1,0.0003,0.0,1.4314
 出含,1,0.0003,0.0,1.4314
 分離,1,0.0003,0.0,1.4314
 分離之目,1,0.0003,0.0,1.4314
 剛切好,1,0.0003,0.0,1.4314
 加,1,0.0003,3.0,0.8293
 加熱,1,0.0003,0.0,1.4314
 勻,1,0.0003,0.0,1.4314
 去疵,1,0.0003,0.0,1.4314
 合,1,0.0003,3.0,0.8293
 否,1,0.0003,1.0,1.1303
 固化,1,0.0003,1.0,1.1303
1987,1,0.0003,2.0,0.9542
1～3,1,0.0003,1.0,1.1303
2 天,1,0.0003,2.0,0.9542
twitter,1,0.0003,1.0,1.1303
一流,1,0.0003,1.0,1.1303
一躍進,1,0.0003,1.0,1.1303
一顆顆,1,0.0003,4.0,0.7324
三十多,1,0.0003,4.0,0.7324
三合化學,1,0.0003,1.0,1.1303
三氯化矽,1,0.0003,3.0,0.8293
上拉,1,0.0003,2.0,0.9542
上看,1,0.0003,2.0,0.9542
下多,1,0.0003,1.0,1.1303
下探,1,0.0003,1.0,1.1303
下方,1,0.0003,4.0,0.7324
下水,1,0.0003,1.0,1.1303
下載,1,0.0003,1.0,1.1303
下述,1,0.0003,1.0,1.1303
下列,1,0.0003,4.0,0.7324
μm,1,0.0003,6.0,0.5863
o) +,1,0.0003,1.0,1.1303
不佳,1,0.0003,1.0,1.1303
nm,1,0.0003,10.0,0.39
Polymer,1,0.0003,1.0,1.1303
Power,1,0.0003,4.0,0.7324
RF ,1,0.0003,1.0,1.1303
SVXR,1,0.0003,1.0,1.1303
SiH,1,0.0003,2.0,0.9542
SiHCl,1,0.0003,2.0,0.9542
SiO,1,0.0003,5.0,0.6532
T C L,1,0.0003,0.0,1.4314
TSOP,1,0.0003,2.0,0.9542
Ti/Cu,1,0.0003,1.0,1.1303
U-PVC,1,0.0003,1.0,1.1303
UF,1,0.0003,2.0,0.9542
WLP,1,0.0003,2.0,0.9542
a.,1,0.0003,2.0,0.9542
kwh,1,0.0003,1.0,1.1303
不 同,1,0.0003,0.0,1.4314
不倦,1,0.0003,1.0,1.1303
2.0,1,0.0003,1.0,1.1303
主動,1,0.0003,1.0,1.1303
主辦,1,0.0003,1.0,1.1303
主流,1,0.0003,2.0,0.9542
乃於,1,0.0003,3.0,0.8293
九成,1,0.0003,2.0,0.9542
乳化液,1,0.0003,1.0,1.1303
乾洗,1,0.0003,1.0,1.1303
事情,1,0.0003,1.0,1.1303
二極體,1,0.0003,4.0,0.7324
互補,1,0.0003,2.0,0.9542
些微,1,0.0003,1.0,1.1303
亞乙烯,1,0.0003,1.0,1.1303
亟待,1,0.0003,2.0,0.9542
交予,1,0.0003,1.0,1.1303
交互,1,0.0003,2.0,0.9542
交換器,1,0.0003,2.0,0.9542
主成,1,0.0003,1.0,1.1303
中水,1,0.0003,1.0,1.1303
不利,1,0.0003,1.0,1.1303
中止,1,0.0003,1.0,1.1303
不匹,1,0.0003,2.0,0.9542
不可或缺,1,0.0003,1.0,1.1303
不同於,1,0.0003,1.0,1.1303
不宜,1,0.0003,1.0,1.1303
不平,1,0.0003,3.0,0.8293
不幸,1,0.0003,1.0,1.1303
不清,1,0.0003,1.0,1.1303
不盡相同,1,0.0003,2.0,0.9542
不貲,1,0.0003,1.0,1.1303
丙酮香,1,0.0003,1.0,1.1303
丟除,1,0.0003,1.0,1.1303
並存,1,0.0003,1.0,1.1303
中和,1,0.0003,2.0,0.9542
中性,1,0.0003,2.0,0.9542
中斷,1,0.0003,1.0,1.1303
Plating,1,0.0003,1.0,1.1303
PS,1,0.0003,2.0,0.9542
PC,1,0.0003,4.0,0.7324
"4,970",1,0.0003,1.0,1.1303
42,1,0.0003,9.0,0.4314
43,1,0.0003,4.0,0.7324
45,1,0.0003,5.0,0.6532
45.2,1,0.0003,1.0,1.1303
5.5,1,0.0003,2.0,0.9542
500,1,0.0003,6.0,0.5863
54.05,1,0.0003,1.0,1.1303
56.3,1,0.0003,1.0,1.1303
56.8,1,0.0003,1.0,1.1303
584,1,0.0003,2.0,0.9542
6.1,1,0.0003,2.0,0.9542
60,1,0.0003,15.0,0.2272
61,1,0.0003,3.0,0.8293
63,1,0.0003,4.0,0.7324
"631,020",1,0.0003,1.0,1.1303
40,1,0.0003,11.0,0.3522
3D,1,0.0003,5.0,0.6532
OCD,1,0.0003,1.0,1.1303
385,1,0.0003,2.0,0.9542
20,1,0.0003,25.0,0.0164
2004,1,0.0003,3.0,0.8293
2010,1,0.0003,3.0,0.8293
2016 年,1,0.0003,1.0,1.1303
21,1,0.0003,8.0,0.4771
2399,1,0.0003,1.0,1.1303
25,1,0.0003,20.0,0.1091
25 億,1,0.0003,1.0,1.1303
26,1,0.0003,6.0,0.5863
3.2,1,0.0003,3.0,0.8293
30,1,0.0003,14.0,0.2553
31,1,0.0003,3.0,0.8293
32,1,0.0003,2.0,0.9542
35,1,0.0003,6.0,0.5863
38,1,0.0003,3.0,0.8293
64,1,0.0003,8.0,0.4771
"66,002",1,0.0003,1.0,1.1303
698.9,1,0.0003,1.0,1.1303
70,1,0.0003,5.0,0.6532
99,1,0.0003,8.0,0.4771
CH3COOH,1,0.0003,2.0,0.9542
CMP,1,0.0003,3.0,0.8293
CYTEC,1,0.0003,1.0,1.1303
CaF,1,0.0003,1.0,1.1303
Cd,1,0.0003,1.0,1.1303
CoWoS,1,0.0003,1.0,1.1303
DIP,1,0.0003,3.0,0.8293
ETCH,1,0.0003,3.0,0.8293
Fe,1,0.0003,2.0,0.9542
H2SO,1,0.0003,2.0,0.9542
HBr,1,0.0003,2.0,0.9542
LCA,1,0.0003,1.0,1.1303
Mat,1,0.0003,3.0,0.8293
NaOH,1,0.0003,4.0,0.7324
96,1,0.0003,7.0,0.5283
92,1,0.0003,5.0,0.6532
90,1,0.0003,10.0,0.39
"780,000",1,0.0003,1.0,1.1303
71,1,0.0003,4.0,0.7324
71.4,1,0.0003,1.0,1.1303
73,1,0.0003,4.0,0.7324
75.0,1,0.0003,1.0,1.1303
760,1,0.0003,1.0,1.1303
77,1,0.0003,3.0,0.8293
8.5,1,0.0003,2.0,0.9542
9.1,1,0.0003,2.0,0.9542
82,1,0.0003,5.0,0.6532
83,1,0.0003,3.0,0.8293
84,1,0.0003,4.0,0.7324
84.81,1,0.0003,1.0,1.1303
85,1,0.0003,5.0,0.6532
87,1,0.0003,5.0,0.6532
填充式,1,0.0003,1.0,1.1303
塵埃,1,0.0003,1.0,1.1303
當做,1,0.0003,1.0,1.1303
棄置,1,0.0003,1.0,1.1303
業 ,1,0.0003,4.0,0.7324
業產出,1,0.0003,1.0,1.1303
極其微,1,0.0003,1.0,1.1303
極致,1,0.0003,1.0,1.1303
極限,1,0.0003,4.0,0.7324
極高,1,0.0003,3.0,0.8293
極力推 廣,1,0.0003,0.0,1.4314
構造,1,0.0003,4.0,0.7324
標杆,1,0.0003,1.0,1.1303
模式,1,0.0003,8.0,0.4771
模擬,1,0.0003,5.0,0.6532
機具,1,0.0003,4.0,0.7324
機溶劑,1,0.0003,3.0,0.8293
機物,1,0.0003,2.0,0.9542
機鹵,1,0.0003,1.0,1.1303
楊梅廠,1,0.0003,1.0,1.1303
棄物,1,0.0003,2.0,0.9542
次級品,1,0.0003,1.0,1.1303
核心,1,0.0003,3.0,0.8293
期待,1,0.0003,1.0,1.1303
期望,1,0.0003,1.0,1.1303
未平,1,0.0003,1.0,1.1303
未來,1,0.0003,4.0,0.7324
本製,1,0.0003,3.0,0.8293
机 ,1,0.0003,0.0,1.4314
束刻,1,0.0003,1.0,1.1303
束手無策,1,0.0003,1.0,1.1303
束視,1,0.0003,1.0,1.1303
東澳廠,1,0.0003,1.0,1.1303
染整,1,0.0003,1.0,1.1303
查核,1,0.0003,1.0,1.1303
查詢,1,0.0003,1.0,1.1303
栓緊,1,0.0003,1.0,1.1303
核可,1,0.0003,1.0,1.1303
檢討,1,0.0003,1.0,1.1303
止於,1,0.0003,1.0,1.1303
   C,1,0.0003,0.0,1.4314
氫氣,1,0.0003,2.0,0.9542
氯化,1,0.0003,4.0,0.7324
水份,1,0.0003,2.0,0.9542
水成,1,0.0003,2.0,0.9542
水泵,1,0.0003,1.0,1.1303
水躍式,1,0.0003,1.0,1.1303
永 ,1,0.0003,1.0,1.1303
污泥,1,0.0003,2.0,0.9542
汰換,1,0.0003,1.0,1.1303
汲取,1,0.0003,1.0,1.1303
汲極流出,1,0.0003,1.0,1.1303
決策,1,0.0003,4.0,0.7324
汽車,1,0.0003,2.0,0.9542
沉澱法,1,0.0003,1.0,1.1303
沉降  不良,1,0.0003,0.0,1.4314
沖壓,1,0.0003,1.0,1.1303
氮化,1,0.0003,10.0,0.39
氫氟酸,1,0.0003,3.0,0.8293
正視,1,0.0003,1.0,1.1303
氧量,1,0.0003,1.0,1.1303
步步,1,0.0003,1.0,1.1303
歸功,1,0.0003,1.0,1.1303
歸屬,1,0.0003,1.0,1.1303
歸納為,1,0.0003,1.0,1.1303
殘膠,1,0.0003,2.0,0.9542
殘留物,1,0.0003,1.0,1.1303
每隔,1,0.0003,2.0,0.9542
比酸,1,0.0003,1.0,1.1303
氣 ,1,0.0003,2.0,0.9542
氣泡,1,0.0003,2.0,0.9542
氣流,1,0.0003,2.0,0.9542
氧化層,1,0.0003,9.0,0.4314
氧化成,1,0.0003,1.0,1.1303
氧化矽,1,0.0003,11.0,0.3522
氧氣,1,0.0003,5.0,0.6532
服務,1,0.0003,8.0,0.4771
有機物,1,0.0003,2.0,0.9542
擁堵,1,0.0003,1.0,1.1303
效仿,1,0.0003,1.0,1.1303
效能,1,0.0003,5.0,0.6532
教學,1,0.0003,1.0,1.1303
散佈,1,0.0003,1.0,1.1303
散出,1,0.0003,1.0,1.1303
敲碎,1,0.0003,1.0,1.1303
整併,1,0.0003,1.0,1.1303
整合性,1,0.0003,2.0,0.9542
數位化,1,0.0003,1.0,1.1303
數氬氣,1,0.0003,1.0,1.1303
新竹,1,0.0003,5.0,0.6532
新竹廠,1,0.0003,1.0,1.1303
新設,1,0.0003,4.0,0.7324
斷線,1,0.0003,3.0,0.8293
施 ,1,0.0003,2.0,0.9542
施以,1,0.0003,2.0,0.9542
效率,1,0.0003,6.0,0.5863
故障,1,0.0003,4.0,0.7324
既有,1,0.0003,4.0,0.7324
放用,1,0.0003,1.0,1.1303
擠製,1,0.0003,1.0,1.1303
擴增,1,0.0003,1.0,1.1303
擴展,1,0.0003,3.0,0.8293
擴廠,1,0.0003,1.0,1.1303
擴建,1,0.0003,1.0,1.1303
攀升到,1,0.0003,1.0,1.1303
攙雜,1,0.0003,1.0,1.1303
攜帶,1,0.0003,2.0,0.9542
攝氏,1,0.0003,6.0,0.5863
收受,1,0.0003,1.0,1.1303
收益率,1,0.0003,1.0,1.1303
改以,1,0.0003,1.0,1.1303
改良,1,0.0003,1.0,1.1303
改良,1,0.0003,2.0,0.9542
放熱,1,0.0003,1.0,1.1303
旋轉窯,1,0.0003,1.0,1.1303
日俱增,1,0.0003,2.0,0.9542
有所不同,1,0.0003,2.0,0.9542
晶身,1,0.0003,1.0,1.1303
智慧感測方案,1,0.0003,1.0,1.1303
暫停,1,0.0003,1.0,1.1303
曝光機,1,0.0003,2.0,0.9542
曝露,1,0.0003,1.0,1.1303
更大,1,0.0003,4.0,0.7324
更換,1,0.0003,1.0,1.1303
書 ,1,0.0003,1.0,1.1303
最少,1,0.0003,1.0,1.1303
最早,1,0.0003,4.0,0.7324
最終,1,0.0003,10.0,0.39
月度,1,0.0003,1.0,1.1303
有利於,1,0.0003,2.0,0.9542
有助,1,0.0003,2.0,0.9542
有序,1,0.0003,3.0,0.8293
有感,1,0.0003,2.0,0.9542
晶頸,1,0.0003,1.0,1.1303
晶粒,1,0.0003,7.0,0.5283
日增,1,0.0003,1.0,1.1303
晶片組,1,0.0003,4.0,0.7324
日本,1,0.0003,3.0,0.8293
早期,1,0.0003,9.0,0.4314
明亮,1,0.0003,2.0,0.9542
明細,1,0.0003,1.0,1.1303
易碎,1,0.0003,1.0,1.1303
時 ,1,0.0003,5.0,0.6532
時代,1,0.0003,5.0,0.6532
時期,1,0.0003,2.0,0.9542
時機台,1,0.0003,1.0,1.1303
時程圖,1,0.0003,1.0,1.1303
景氣,1,0.0003,2.0,0.9542
晶元,1,0.0003,2.0,0.9542
晶圓廠,1,0.0003,10.0,0.39
晶圓片,1,0.0003,6.0,0.5863
晶圓針,1,0.0003,4.0,0.7324
沸物,1,0.0003,1.0,1.1303
沸騰,1,0.0003,1.0,1.1303
沸點,1,0.0003,1.0,1.1303
燃 ,1,0.0003,1.0,1.1303
燃油,1,0.0003,1.0,1.1303
燒機,1,0.0003,2.0,0.9542
燒結成,1,0.0003,1.0,1.1303
燕瘦,1,0.0003,1.0,1.1303
營造,1,0.0003,1.0,1.1303
爆發,1,0.0003,1.0,1.1303
爭鳴,1,0.0003,1.0,1.1303
版本,1,0.0003,1.0,1.1303
物理性,1,0.0003,2.0,0.9542
物種,1,0.0003,2.0,0.9542
物理,1,0.0003,6.0,0.5863
物理性,1,0.0003,2.0,0.9542
特徵,1,0.0003,1.0,1.1303
特臭,1,0.0003,1.0,1.1303
狀態,1,0.0003,7.0,0.5283
燃和,1,0.0003,1.0,1.1303
熱量,1,0.0003,4.0,0.7324
獨立,1,0.0003,2.0,0.9542
熱量,1,0.0003,2.0,0.9542
無毒,1,0.0003,1.0,1.1303
無水乾式,1,0.0003,1.0,1.1303
無色,1,0.0003,1.0,1.1303
照射人眼,1,0.0003,1.0,1.1303
照相,1,0.0003,4.0,0.7324
熔 ,1,0.0003,0.0,1.4314
熔解,1,0.0003,1.0,1.1303
熔點,1,0.0003,3.0,0.8293
熟化,1,0.0003,1.0,1.1303
熟料,1,0.0003,1.0,1.1303
熱器,1,0.0003,2.0,0.9542
熱漲,1,0.0003,1.0,1.1303
熱烘,1,0.0003,1.0,1.1303
熱爐,1,0.0003,2.0,0.9542
熱盤,1,0.0003,1.0,1.1303
狀況,1,0.0003,8.0,0.4771
獨立,1,0.0003,3.0,0.8293
沾印,1,0.0003,1.0,1.1303
產速,1,0.0003,2.0,0.9542
用作,1,0.0003,1.0,1.1303
用作為,1,0.0003,1.0,1.1303
用完,1,0.0003,2.0,0.9542
用微,1,0.0003,2.0,0.9542
用板,1,0.0003,1.0,1.1303
用水,1,0.0003,2.0,0.9542
用種,1,0.0003,1.0,1.1303
用途,1,0.0003,5.0,0.6532
田口式,1,0.0003,1.0,1.1303
甲烷,1,0.0003,2.0,0.9542
界面,1,0.0003,6.0,0.5863
留下,1,0.0003,2.0,0.9542
畫下,1,0.0003,1.0,1.1303
異常,1,0.0003,1.0,1.1303
異質,1,0.0003,2.0,0.9542
用以,1,0.0003,5.0,0.6532
產生出來,1,0.0003,2.0,0.9542
獨立封,1,0.0003,1.0,1.1303
產物,1,0.0003,3.0,0.8293
獲利,1,0.0003,2.0,0.9542
獲利,1,0.0003,1.0,1.1303
玻 ,1,0.0003,0.0,1.4314
玻璃板,1,0.0003,2.0,0.9542
現下,1,0.0003,2.0,0.9542
環保局,1,0.0003,1.0,1.1303
環肥燕瘦,1,0.0003,1.0,1.1303
環顧,1,0.0003,1.0,1.1303
瓶裝,1,0.0003,1.0,1.1303
甚少,1,0.0003,1.0,1.1303
生段,1,0.0003,1.0,1.1303
生物,1,0.0003,3.0,0.8293
生產線,1,0.0003,4.0,0.7324
生料,1,0.0003,1.0,1.1303
產 ,1,0.0003,5.0,0.6532
無所遁形,1,0.0003,1.0,1.1303
無可,1,0.0003,2.0,0.9542
焊黏,1,0.0003,1.0,1.1303
淡化,1,0.0003,1.0,1.1303
深刻,1,0.0003,1.0,1.1303
深遠,1,0.0003,1.0,1.1303
深度,1,0.0003,3.0,0.8293
混合槽,1,0.0003,1.0,1.1303
混池,1,0.0003,1.0,1.1303
添加物,1,0.0003,2.0,0.9542
清查,1,0.0003,2.0,0.9542
清運,1,0.0003,1.0,1.1303
清理,1,0.0003,4.0,0.7324
減  廢,1,0.0003,0.0,1.4314
減去,1,0.0003,1.0,1.1303
減緩,1,0.0003,2.0,0.9542
渦流,1,0.0003,1.0,1.1303
測 ,1,0.0003,7.0,0.5283
測試機台,1,0.0003,4.0,0.7324
淨效,1,0.0003,1.0,1.1303
消退,1,0.0003,3.0,0.8293
焊接,1,0.0003,5.0,0.6532
消失,1,0.0003,1.0,1.1303
沿用,1,0.0003,1.0,1.1303
泛稱為,1,0.0003,1.0,1.1303
波動為,1,0.0003,1.0,1.1303
波動更大,1,0.0003,1.0,1.1303
洗印,1,0.0003,1.0,1.1303
洗大,1,0.0003,1.0,1.1303
洗掉,1,0.0003,2.0,0.9542
活性,1,0.0003,7.0,0.5283
活潑,1,0.0003,1.0,1.1303
流入,1,0.0003,1.0,1.1303
流通到,1,0.0003,1.0,1.1303
浮區法,1,0.0003,1.0,1.1303
浮現,1,0.0003,1.0,1.1303
浸入,1,0.0003,1.0,1.1303
消 ,1,0.0003,0.0,1.4314
游離,1,0.0003,1.0,1.1303
湧出,1,0.0003,1.0,1.1303
準確度,1,0.0003,1.0,1.1303
溝通,1,0.0003,1.0,1.1303
濕式,1,0.0003,5.0,0.6532
濕氣,1,0.0003,4.0,0.7324
濕法,1,0.0003,1.0,1.1303
濺 ,1,0.0003,0.0,1.4314
濺擊出來,1,0.0003,2.0,0.9542
瀝 ,1,0.0003,0.0,1.4314
火焰,1,0.0003,1.0,1.1303
灰 ,1,0.0003,1.0,1.1303
為例,1,0.0003,8.0,0.4771
為為,1,0.0003,2.0,0.9542
為限,1,0.0003,1.0,1.1303
為例,1,0.0003,4.0,0.7324
烘乾,1,0.0003,2.0,0.9542
烘燒,1,0.0003,1.0,1.1303
烤箱,1,0.0003,3.0,0.8293
濃硫,1,0.0003,1.0,1.1303
濃鹽水,1,0.0003,1.0,1.1303
激烈,1,0.0003,1.0,1.1303
滋長,1,0.0003,1.0,1.1303
溫 度,1,0.0003,0.0,1.4314
溫暖化,1,0.0003,1.0,1.1303
溫度,1,0.0003,5.0,0.6532
溶性,1,0.0003,2.0,0.9542
溶質,1,0.0003,1.0,1.1303
滋生,1,0.0003,2.0,0.9542
滲入,1,0.0003,3.0,0.8293
澆鑄,1,0.0003,1.0,1.1303
滲漏油,1,0.0003,1.0,1.1303
滴上,1,0.0003,1.0,1.1303
滴於,1,0.0003,1.0,1.1303
演變,1,0.0003,1.0,1.1303
漿料,1,0.0003,1.0,1.1303
潮濕,1,0.0003,1.0,1.1303
擠入,1,0.0003,1.0,1.1303
撞擊到,1,0.0003,2.0,0.9542
塵量,1,0.0003,1.0,1.1303
導向,1,0.0003,1.0,1.1303
導電,1,0.0003,8.0,0.4771
導電性,1,0.0003,4.0,0.7324
小心,1,0.0003,3.0,0.8293
少許,1,0.0003,2.0,0.9542
少數,1,0.0003,2.0,0.9542
尚未,1,0.0003,5.0,0.6532
尾款,1,0.0003,1.0,1.1303
局部,1,0.0003,3.0,0.8293
居住,1,0.0003,1.0,1.1303
居安思危之道,1,0.0003,1.0,1.1303
屈度,1,0.0003,2.0,0.9542
展現,1,0.0003,4.0,0.7324
層重,1,0.0003,1.0,1.1303
層面,1,0.0003,7.0,0.5283
崛起,1,0.0003,2.0,0.9542
導熱,1,0.0003,4.0,0.7324
導到,1,0.0003,1.0,1.1303
工 ,1,0.0003,3.0,0.8293
導出,1,0.0003,1.0,1.1303
寬縮小,1,0.0003,1.0,1.1303
寬裕,1,0.0003,1.0,1.1303
寬度,1,0.0003,2.0,0.9542
寶貴,1,0.0003,1.0,1.1303
封住,1,0.0003,1.0,1.1303
封閉,1,0.0003,1.0,1.1303
射出來,1,0.0003,2.0,0.9542
專有,1,0.0003,1.0,1.1303
專用,1,0.0003,2.0,0.9542
專職,1,0.0003,1.0,1.1303
尊為,1,0.0003,1.0,1.1303
尋求,1,0.0003,1.0,1.1303
對位,1,0.0003,2.0,0.9542
對照,1,0.0003,1.0,1.1303
對稱性,1,0.0003,3.0,0.8293
崩角,1,0.0003,1.0,1.1303
工具,1,0.0003,5.0,0.6532
實體,1,0.0003,2.0,0.9542
平分,1,0.0003,1.0,1.1303
平坦化,1,0.0003,6.0,0.5863
平穩期,1,0.0003,1.0,1.1303
平緩,1,0.0003,1.0,1.1303
平面,1,0.0003,5.0,0.6532
平順,1,0.0003,1.0,1.1303
年度,1,0.0003,2.0,0.9542
底定,1,0.0003,1.0,1.1303
底部,1,0.0003,2.0,0.9542
廠區,1,0.0003,2.0,0.9542
廠家,1,0.0003,1.0,1.1303
廠方,1,0.0003,1.0,1.1303
廢 ,1,0.0003,2.0,0.9542
廢布,1,0.0003,1.0,1.1303
廢水種,1,0.0003,1.0,1.1303
廢酸,1,0.0003,2.0,0.9542
平台,1,0.0003,4.0,0.7324
干擾,1,0.0003,5.0,0.6532
工成,1,0.0003,2.0,0.9542
幫忙,1,0.0003,1.0,1.1303
工程,1,0.0003,10.0,0.39
工藝,1,0.0003,2.0,0.9542
差別化,1,0.0003,1.0,1.1303
差排現象,1,0.0003,1.0,1.1303
差異化,1,0.0003,1.0,1.1303
市售,1,0.0003,1.0,1.1303
布局,1,0.0003,3.0,0.8293
帶出,1,0.0003,1.0,1.1303
帶給,1,0.0003,1.0,1.1303
帶走,1,0.0003,1.0,1.1303
帶起,1,0.0003,1.0,1.1303
帶送,1,0.0003,1.0,1.1303
帶電,1,0.0003,4.0,0.7324
常態,1,0.0003,2.0,0.9542
常見,1,0.0003,3.0,0.8293
寫出,1,0.0003,1.0,1.1303
實績,1,0.0003,1.0,1.1303
撐住,1,0.0003,1.0,1.1303
多出,1,0.0003,2.0,0.9542
多於,1,0.0003,1.0,1.1303
多樣,1,0.0003,4.0,0.7324
多樣化,1,0.0003,3.0,0.8293
多達,1,0.0003,1.0,1.1303
多重離,1,0.0003,1.0,1.1303
大不相同,1,0.0003,1.0,1.1303
大勢所趨,1,0.0003,1.0,1.1303
大增,1,0.0003,1.0,1.1303
大容許,1,0.0003,1.0,1.1303
大幅,1,0.0003,8.0,0.4771
大批量,1,0.0003,1.0,1.1303
大氣,1,0.0003,4.0,0.7324
大規模,1,0.0003,3.0,0.8293
大陸,1,0.0003,4.0,0.7324
大量,1,0.0003,5.0,0.6532
多功能,1,0.0003,6.0,0.5863
多久,1,0.0003,1.0,1.1303
太陽能,1,0.0003,2.0,0.9542
外逸,1,0.0003,1.0,1.1303
墊高,1,0.0003,1.0,1.1303
墜落,1,0.0003,1.0,1.1303
增 ,1,0.0003,1.0,1.1303
增高,1,0.0003,1.0,1.1303
壓下,1,0.0003,3.0,0.8293
壓力,1,0.0003,5.0,0.6532
壓擠,1,0.0003,1.0,1.1303
壯大,1,0.0003,1.0,1.1303
外國人,1,0.0003,1.0,1.1303
外引,1,0.0003,3.0,0.8293
外接,1,0.0003,2.0,0.9542
外殼,1,0.0003,5.0,0.6532
外界,1,0.0003,6.0,0.5863
外緣,1,0.0003,1.0,1.1303
外表,1,0.0003,4.0,0.7324
太久,1,0.0003,4.0,0.7324
失 去,1,0.0003,0.0,1.4314
實時,1,0.0003,1.0,1.1303
安置,1,0.0003,1.0,1.1303
完畢,1,0.0003,1.0,1.1303
宏觀,1,0.0003,1.0,1.1303
定期性,1,0.0003,1.0,1.1303
宜大,1,0.0003,1.0,1.1303
客觀,1,0.0003,1.0,1.1303
害氣體,1,0.0003,2.0,0.9542
容積,1,0.0003,1.0,1.1303
容納於,1,0.0003,1.0,1.1303
容許,1,0.0003,2.0,0.9542
容易故障,1,0.0003,1.0,1.1303
容易碎,1,0.0003,1.0,1.1303
密度,1,0.0003,5.0,0.6532
密度 ,1,0.0003,0.0,1.4314
富集,1,0.0003,1.0,1.1303
寡占,1,0.0003,1.0,1.1303
完整性,1,0.0003,5.0,0.6532
安排,1,0.0003,4.0,0.7324
失衡,1,0.0003,1.0,1.1303
學會,1,0.0003,1.0,1.1303
失誤,1,0.0003,1.0,1.1303
奉為,1,0.0003,1.0,1.1303
好幾,1,0.0003,1.0,1.1303
如後,1,0.0003,1.0,1.1303
如火如荼,1,0.0003,2.0,0.9542
始終,1,0.0003,2.0,0.9542
委由,1,0.0003,2.0,0.9542
孔口,1,0.0003,1.0,1.1303
孔隙,1,0.0003,1.0,1.1303
存 ,1,0.0003,3.0,0.8293
存有,1,0.0003,1.0,1.1303
存貨,1,0.0003,1.0,1.1303
孜孜,1,0.0003,1.0,1.1303
學 ,1,0.0003,1.0,1.1303
學到,1,0.0003,1.0,1.1303
廢電,1,0.0003,1.0,1.1303
延到,1,0.0003,1.0,1.1303
延繼,1,0.0003,1.0,1.1303
拋光機,1,0.0003,1.0,1.1303
拋移,1,0.0003,1.0,1.1303
拌合機,1,0.0003,1.0,1.1303
拓展,1,0.0003,1.0,1.1303
持取,1,0.0003,1.0,1.1303
持平,1,0.0003,1.0,1.1303
指引出,1,0.0003,1.0,1.1303
指標,1,0.0003,3.0,0.8293
指示器,1,0.0003,1.0,1.1303
按讚,1,0.0003,1.0,1.1303
挑出,1,0.0003,1.0,1.1303
挑戰,1,0.0003,12.0,0.3174
授權,1,0.0003,2.0,0.9542
掉出,1,0.0003,1.0,1.1303
排名,1,0.0003,2.0,0.9542
排斥,1,0.0003,1.0,1.1303
拋光盤,1,0.0003,1.0,1.1303
拉昇,1,0.0003,1.0,1.1303
排除,1,0.0003,2.0,0.9542
拉大,1,0.0003,1.0,1.1303
打破,1,0.0003,1.0,1.1303
打造,1,0.0003,1.0,1.1303
扯斷,1,0.0003,2.0,0.9542
批量,1,0.0003,2.0,0.9542
承受,1,0.0003,1.0,1.1303
承接,1,0.0003,2.0,0.9542
把關,1,0.0003,2.0,0.9542
投射,1,0.0003,2.0,0.9542
投影,1,0.0003,2.0,0.9542
披露,1,0.0003,1.0,1.1303
抵觸,1,0.0003,1.0,1.1303
抽氣泵,1,0.0003,1.0,1.1303
抽真空,1,0.0003,1.0,1.1303
拉下,1,0.0003,1.0,1.1303
拉升出,1,0.0003,1.0,1.1303
排氣,1,0.0003,3.0,0.8293
排泥,1,0.0003,1.0,1.1303
建置,1,0.0003,1.0,1.1303
推斷出,1,0.0003,1.0,1.1303
推行,1,0.0003,1.0,1.1303
掩埋,1,0.0003,1.0,1.1303
措施,1,0.0003,2.0,0.9542
揀機,1,0.0003,1.0,1.1303
提供為,1,0.0003,1.0,1.1303
提到,1,0.0003,2.0,0.9542
提取,1,0.0003,1.0,1.1303
提早,1,0.0003,4.0,0.7324
提拉,1,0.0003,1.0,1.1303
插入型,1,0.0003,2.0,0.9542
換算,1,0.0003,1.0,1.1303
搖籃,1,0.0003,1.0,1.1303
搭上,1,0.0003,1.0,1.1303
搶奪,1,0.0003,1.0,1.1303
摩爾定,1,0.0003,4.0,0.7324
推翻,1,0.0003,1.0,1.1303
推廣,1,0.0003,1.0,1.1303
採水,1,0.0003,1.0,1.1303
推展,1,0.0003,1.0,1.1303
採用去,1,0.0003,1.0,1.1303
採集,1,0.0003,1.0,1.1303
採行,1,0.0003,1.0,1.1303
探 ,1,0.0003,0.0,1.4314
探究,1,0.0003,1.0,1.1303
接下,1,0.0003,5.0,0.6532
接合為,1,0.0003,3.0,0.8293
接替,1,0.0003,1.0,1.1303
接線,1,0.0003,3.0,0.8293
接續,1,0.0003,1.0,1.1303
接至,1,0.0003,2.0,0.9542
接觸到,1,0.0003,1.0,1.1303
接觸面,1,0.0003,2.0,0.9542
控制酸,1,0.0003,1.0,1.1303
推升,1,0.0003,1.0,1.1303
打消,1,0.0003,1.0,1.1303
打入,1,0.0003,2.0,0.9542
打住,1,0.0003,1.0,1.1303
後表面,1,0.0003,1.0,1.1303
得標,1,0.0003,1.0,1.1303
得當,1,0.0003,1.0,1.1303
從業,1,0.0003,1.0,1.1303
復合,1,0.0003,1.0,1.1303
復甦,1,0.0003,1.0,1.1303
復見,1,0.0003,1.0,1.1303
循環短,1,0.0003,1.0,1.1303
微妙,1,0.0003,1.0,1.1303
微小,1,0.0003,7.0,0.5283
微弱,1,0.0003,1.0,1.1303
微粒,1,0.0003,4.0,0.7324
微電子,1,0.0003,6.0,0.5863
微量,1,0.0003,2.0,0.9542
忠實,1,0.0003,1.0,1.1303
快捷,1,0.0003,1.0,1.1303
得宜,1,0.0003,1.0,1.1303
後置,1,0.0003,1.0,1.1303
手冊,1,0.0003,1.0,1.1303
影響待,1,0.0003,3.0,0.8293
建設,1,0.0003,1.0,1.1303
引人,1,0.0003,1.0,1.1303
引出,1,0.0003,2.0,0.9542
引減,1,0.0003,1.0,1.1303
引發,1,0.0003,1.0,1.1303
引領,1,0.0003,1.0,1.1303
強度,1,0.0003,4.0,0.7324
強弱,1,0.0003,2.0,0.9542
強迫,1,0.0003,1.0,1.1303
彌補,1,0.0003,1.0,1.1303
彎腳品,1,0.0003,3.0,0.8293
彙集,1,0.0003,1.0,1.1303
形式,1,0.0003,2.0,0.9542
形狀,1,0.0003,4.0,0.7324
影像,1,0.0003,7.0,0.5283
念頭,1,0.0003,1.0,1.1303
忽視,1,0.0003,2.0,0.9542
思義,1,0.0003,1.0,1.1303
思考,1,0.0003,1.0,1.1303
成 ,1,0.0003,8.0,0.4771
成份,1,0.0003,4.0,0.7324
成份酸不同,1,0.0003,1.0,1.1303
成出,1,0.0003,1.0,1.1303
成就,1,0.0003,1.0,1.1303
成本變高,1,0.0003,1.0,1.1303
成熟期,1,0.0003,1.0,1.1303
成長到,1,0.0003,6.0,0.5863
成長為,1,0.0003,1.0,1.1303
成長率,1,0.0003,2.0,0.9542
成了,1,0.0003,2.0,0.9542
截面,1,0.0003,2.0,0.9542
所用,1,0.0003,3.0,0.8293
所費,1,0.0003,1.0,1.1303
所不同,1,0.0003,2.0,0.9542
懸浮,1,0.0003,2.0,0.9542
應力,1,0.0003,4.0,0.7324
應變,1,0.0003,1.0,1.1303
惡劣,1,0.0003,1.0,1.1303
性 ,1,0.0003,3.0,0.8293
性能,1,0.0003,10.0,0.39
性質,1,0.0003,12.0,0.3174
恢復,1,0.0003,1.0,1.1303
息息相關,1,0.0003,4.0,0.7324
情形,1,0.0003,8.0,0.4771
惡化,1,0.0003,1.0,1.1303
應求,1,0.0003,1.0,1.1303
意 ,1,0.0003,0.0,1.4314
感光劑易,1,0.0003,2.0,0.9542
感到,1,0.0003,3.0,0.8293
應 ,1,0.0003,3.0,0.8293
應付,1,0.0003,1.0,1.1303
應對,1,0.0003,3.0,0.8293
都用,1,0.0003,1.0,1.1303
